row_number,record_key,reason,booking_id,customer_id,flight_id,flight_date,airline,origin_airport,destination_airport,route,booking_time,booking_channel,customer_segment,ticket_price,currency,booking_status,payment_status,is_refunded,created_at,updated_at
27,BKG-51C97070-D408-5977-94F8-3C0D4CED9293,Invalid ticket_price,BKG-51c97070-d408-5977-94f8-3c0d4ced9293,CUST-0015417,DL-1619-20260417-GSP-ATL,2026-04-17,DL,GSP,ATL,GSP-ATL,2026-02-08 01:46:00,MOBILE_APP,RETURNING,not-a-number,USD,CONFIRMED,PAID,false,2026-02-08 01:46:00,2026-02-10 08:46:00
1306,BKG-3EA245E3-1120-5610-AF7C-D79F826C291F,Invalid flight_date,BKG-3ea245e3-1120-5610-af7c-d79f826c291f,CUST-0018148,DL-1619-20260430-GSP-ATL,not-a-date,DL,GSP,ATL,GSP-ATL,2026-03-28 20:38:00,WEB,RETURNING,94.73,USD,CONFIRMED,PAID,false,2026-03-28 20:38:00,2026-03-29 04:38:00
1704,BKG-0FF90B30-6775-5FBD-9BAC-07A2B6E49B89,Invalid ticket_price,BKG-0ff90b30-6775-5fbd-9bac-07a2b6e49b89,CUST-0008568,DL-1620-20260405-STL-DTW,2026-04-05,DL,STL,DTW,STL-DTW,2026-01-06 13:19:00,AGENCY,RETURNING,not-a-number,usd,CANCELLED,REFUNDED,true,2026-01-06 13:19:00,2026-01-09 02:19:00
1780,row-1780,Missing booking_id,,CUST-0003797,DL-1620-20260406-STL-DTW,2026-04-06,DL,STL,DTW,STL-DTW,2026-03-21 00:13:00,WEB,RETURNING,157.67,USD,CONFIRMED,PAID,false,2026-03-21 00:13:00,2026-03-22 19:13:00
1898,row-1898,Missing booking_id,,CUST-0011374,DL-1620-20260407-STL-DTW,2026-04-07,DL,STL,DTW,STL-DTW,2026-01-07 10:40:00,AGENCY,NEW,149.37,USD,CONFIRMED,PAID,false,2026-01-07 10:40:00,2026-01-09 07:40:00
2175,BKG-F80F42C9-DA41-5F3E-A1B7-4E9C3B42FDD7,Invalid flight_date,BKG-f80f42c9-da41-5f3e-a1b7-4e9c3b42fdd7,CUST-0007538,DL-1620-20260409-STL-DTW,not-a-date,DL,STL,DTW,STL-DTW,2026-01-14 07:43:00,WEB,returning,117.2,USD,CONFIRMED,PAID,false,2026-01-14 07:43:00,2026-01-14 10:43:00
2176,BKG-F80F42C9-DA41-5F3E-A1B7-4E9C3B42FDD7,Invalid flight_date,BKG-f80f42c9-da41-5f3e-a1b7-4e9c3b42fdd7,CUST-0007538,DL-1620-20260409-STL-DTW,not-a-date,DL,STL,DTW,STL-DTW,2026-01-14 07:43:00,WEB,returning,116.2,USD,confirmed,PAID,false,2026-01-14 07:43:00,2026-01-15 16:43:00
2302,BKG-40895882-90A5-5928-B899-CC87D9C59D2A,Invalid flight_date,BKG-40895882-90a5-5928-b899-cc87d9c59d2a,CUST-0018001,DL-1620-20260410-STL-DTW,not-a-date,DL,STL-T1,DTW,STL-T1-DTW,2026-03-01 16:07:00,MOBILE_APP,NEW,103.38,USD,CONFIRMED,PAID,false,2026-03-01 16:07:00,2026-03-04 04:07:00
2423,BKG-A40C3EE7-A2A2-5C92-AEB4-697D25DD8C38,Invalid flight_date,BKG-a40c3ee7-a2a2-5c92-aeb4-697d25dd8c38,CUST-0002674,DL-1620-20260412-STL-DTW,not-a-date,dl,STL,DTW,STL-DTW,2026-02-06 00:28:00,WEB,LOYALTY,135.11,USD,CONFIRMED,PAID,false,2026-02-06 00:28:00,2026-02-06 12:28:00
2516,row-2516,Missing booking_id,,CUST-0016149,DL-1620-20260412-STL-DTW,2026-04-12,DL,STL,DTW,STL-DTW,2026-04-09 21:05:00,MOBILE_APP,NEW,152.3,USD,CONF,PAID,false,2026-04-09 21:05:00,2026-04-11 08:05:00
2751,BKG-F54B8C23-C0BB-53FD-A940-49CFC069D4B8,Invalid ticket_price,BKG-f54b8c23-c0bb-53fd-a940-49cfc069d4b8,CUST-0016873,DL-1620-20260414-LGA-MIA,2026-04-14,DL,LGA,MIA,LGA-MIA,2026-01-24 23:55:00,MOBILE_APP,BUSINESS,not-a-number,USD,CONFIRMED,PAID,false,2026-01-24 23:55:00,2026-01-27 13:55:00
3073,BKG-82DC3A25-5C83-59C8-8590-1D9161DA2A1B,Invalid flight_date,BKG-82dc3a25-5c83-59c8-8590-1d9161da2a1b,,DL-1620-20260417-LGA-MIA,not-a-date,DL,LGA,MIA,LGA-MIA,2026-02-01 00:52:00,WEB,NEW,288.24,USD,CONFIRMED,PAID,false,2026-02-01 00:52:00,2026-02-02 20:52:00
3226,BKG-D1B1A4F2-080E-5C3A-9149-4F8CA6677D3D,Invalid ticket_price,BKG-d1b1a4f2-080e-5c3a-9149-4f8ca6677d3d,CUST-0015347,DL-1620-20260419-LGA-MIA,2026-04-19,DL,LGA,MIA,LGA-MIA,2026-02-05 09:30:00,WEB,RETURNING,not-a-number,USD,CONFIRMED,PAID,false,2026-02-05 09:30:00,2026-02-05 15:30:00
3600,row-3600,Missing booking_id,,CUST-0002953,DL-1620-20260421-LGA-MIA,2026-04-21,DL,LGA,MIA,LGA-MIA,2026-02-12 12:09:00,WEB,RETURNING,250.09,USD,CONFIRMED,PAID,false,2026-02-12 12:09:00,2026-02-13 16:09:00
3909,BKG-1A7772C6-6F25-5F86-990C-78D0ABAF708F,Invalid flight_date,BKG-1a7772c6-6f25-5f86-990c-78d0abaf708f,CUST-0001078,DL-1620-20260424-LGA-MIA,not-a-date,DL,LGA,MIA,LGA-MIA,2026-03-05 00:39:00,WEB,NEW,166.1,USD,CONFIRMED,PAID,false,2026-03-05 00:39:00,2026-03-07 04:39:00
4084,row-4084,Missing booking_id,,CUST-0018194,DL-1620-20260426-LGA-MIA,2026-04-26,DL,LGA,MIA,LGA-MIA,2026-02-06 13:07:00,AGENCY,BUSINESS,217.54,USD,confirmed,PAID,false,2026-02-06 13:07:00,2026-02-07 21:07:00
4560,BKG-6C62B8D6-B81E-5EAD-9CC1-8EF44CFFD603,Invalid ticket_price,BKG-6c62b8d6-b81e-5ead-9cc1-8ef44cffd603,CUST-0016966,DL-1620-20260430-LGA-MIA,2026-04-30,DL,LGA,MIA,LGA-MIA,2026-04-20 22:37:00,MOBILE_APP,LOYALTY,not-a-number,USD,CONFIRMED,PAID,false,2026-04-20 22:37:00,2026-04-23 09:37:00
4804,BKG-67D06276-C01B-55BA-B4B4-CA7C88BD3974,Invalid ticket_price,BKG-67d06276-c01b-55ba-b4b4-ca7c88bd3974,CUST-0000774,DL-1621-20260402-MSP-MSY,2026-04-02,DL,MSP,MSY,MSP-MSY,2026-02-06 17:34:00,WEB,RETURNING,not-a-number,USD,CONFIRMED,PAID,false,2026-02-06 17:34:00,2026-02-08 20:34:00
4920,BKG-1AC22B5B-4395-5CFB-A838-E737D92C1376,Invalid flight_date,BKG-1ac22b5b-4395-5cfb-a838-e737d92c1376,CUST-0010935,DL-1621-20260402-MSY-MSP,not-a-date,DL,MSY,msp,MSY-msp,2026-01-04 23:19:00,MOBILE_APP,Loyalty,244.01,USD,CANCELLED,REFUNDED,true,2026-01-04 23:19:00,2026-01-07 06:19:00
5026,row-5026,Missing booking_id,,CUST-0012282,DL-1621-20260403-MSP-MSY,2026-04-03,DL,MSP,MSY,MSP-MSY,2026-02-04 00:43:00,MOBILE_APP,RETURNING,223.71,USD,CONFIRMED,PAID,false,2026-02-04 00:43:00,2026-02-06 09:43:00
5306,BKG-9DA6E60E-3B66-5A8B-B6D4-DD830DD7C8FC,Invalid flight_date,BKG-9da6e60e-3b66-5a8b-b6d4-dd830dd7c8fc,CUST-0013743,DL-1621-20260405-MSP-MSY,not-a-date,DL,MSP,MSY,MSP-MSY,2026-03-15 20:53:00,MOBILE_APP,LOYALTY,204.1,USD,CONFIRMED,PAID,false,2026-03-15 20:53:00,2026-03-18 17:53:00
5329,BKG-2690A41B-C54E-56DD-892F-13DE2E6F61EC,Invalid flight_date,BKG-2690a41b-c54e-56dd-892f-13de2e6f61ec,CUST-0014884,DL-1621-20260405-MSP-MSY,not-a-date,DL,MSP,MSY,MSP-MSY,2026-01-21 04:16:00,WEB,NEW,240.1,USD,CONFIRMED,PAID,false,2026-01-21 04:16:00,2026-01-22 20:16:00
5364,BKG-233217CA-FC11-51C7-B7F0-3E265A388264,Invalid ticket_price,BKG-233217ca-fc11-51c7-b7f0-3e265a388264,CUST-0010056,DL-1621-20260405-MSP-MSY,2026-04-05,DL,MSP,MSY,MSP-MSY,2026-03-14 11:27:00,WEB,LOYALTY,not-a-number,USD,CONFIRMED,REFUNDED,true,2026-03-14 11:27:00,2026-03-16 20:27:00
5691,row-5691,Missing booking_id,,CUST-0010279,DL-1621-20260406-MSP-MSY,2026-04-06,DL,MSP, MSY ,MSP- MSY ,2026-03-26 05:06:00,MOBILE_APP,RETURNING,252.07,USD,CONFIRMED,FAILED,false,2026-03-26 05:06:00,2026-03-27 01:06:00
5839,BKG-5444BF23-A4A4-5ECB-812C-D6150B057210,Invalid flight_date,BKG-5444bf23-a4a4-5ecb-812c-d6150b057210,CUST-0009263,DL-1621-20260407-MSP-MSY,not-a-date,DL,MSP,MSY,MSP-MSY,2026-03-15 12:17:00,WEB,RETURNING,227.79,USD,CONFIRMED,PAID,false,2026-03-15 12:17:00,2026-03-16 04:17:00
5948,BKG-5F8E99D8-7B90-56FB-AD47-AE4C75570AA4,Invalid ticket_price,BKG-5f8e99d8-7b90-56fb-ad47-ae4c75570aa4,CUST-0018313,DL-1621-20260407-MSY-MSP,2026-04-07,DL,MSY,MSP,MSY-MSP,2026-02-26 05:40:00,WEB,BUSINESS,not-a-number,USD,CONFIRMED,PAID,false,2026-02-26 05:40:00,2026-02-27 00:40:00
6103,BKG-1B038821-27E2-5DEA-829F-52D49C6415A9,Invalid ticket_price,BKG-1b038821-27e2-5dea-829f-52d49c6415a9,CUST-0015595,DL-1621-20260408-MSP-MSY,2026-04-08,DL,MSP,MSY,MSP-MSY,2026-01-19 10:06:00,MOBILE_APP,NEW,not-a-number,USD,CONFIRMED,PAID,false,2026-01-19 10:06:00,2026-01-20 20:06:00
7170,row-7170,Missing booking_id,,CUST-0005104,DL-1621-20260413-MSP-MSY,2026-04-13,DL,MSP,MSY,MSP-MSY,2026-02-16 20:05:00,MOBILE_APP,BUSINESS,266.26,USD,CONFIRMED,FAILED,false,2026-02-16 20:05:00,2026-02-19 18:05:00
7407,row-7407,Missing booking_id,,CUST-0005468,DL-1621-20260414-MSP-MSY,2026-04-14,DL,MSP,MSY,MSP-MSY,2026-01-27 13:31:00,MOBILE_APP,RETURNING,210.31,USD,CANCELLED,REFUNDED,true,2026-01-27 13:31:00,2026-01-30 04:31:00
7644,BKG-5FE3F6C8-5282-5C40-99D3-CE2F7F7E39EF,Invalid flight_date,BKG-5fe3f6c8-5282-5c40-99d3-ce2f7f7e39ef,CUST-0007503,DL-1621-20260415-MSY-MSP,not-a-date,DL,MSY,MSP,MSY-MSP,2026-01-25 12:13:00,MOBILE_APP,RETURNING,282.46,USD,CONFIRMED,PAID,false,2026-01-25 12:13:00,2026-01-27 23:13:00
8127,BKG-B8F4D3E5-53D3-5E2B-BEE0-F1B8ED02B6D6,Invalid ticket_price,BKG-b8f4d3e5-53d3-5e2b-bee0-f1b8ed02b6d6,CUST-0013361,DL-1621-20260417-MSY-MSP,2026-04-17,DL,MSY,MSP,MSY-MSP,2026-02-27 19:19:00,WEB,RETURNING,not-a-number, USD ,PENDING,PAID,false,2026-02-27 19:19:00,2026-03-01 10:19:00
8255,row-8255,Missing booking_id,,CUST-0009184,DL-1621-20260418-MSP-MSY,2026-04-18,DL,MSP,MSY,MSP-MSY,2026-04-06 22:32:00,AGENCY,NEW,206.51,USD,CONFIRMED,SUCCESS,false,2026-04-06 22:32:00,2026-04-08 10:32:00
8786,BKG-CD4AAD4E-FA8B-5C77-96EF-0C5D1AD59251,Invalid flight_date,BKG-cd4aad4e-fa8b-5c77-96ef-0c5d1ad59251,CUST-0010858,DL-1621-20260420-MSY-MSP,not-a-date,DL,MSY,MSP-T1,MSY-MSP-T1,2026-01-27 04:32:00,WEB,RETURNING,284.26,USD,CONFIRMED,PAID,false,2026-01-27 04:32:00,2026-01-29 16:32:00
9823,BKG-CBBF3BDB-C894-521E-8339-A590C6A72C93,Invalid ticket_price,BKG-cbbf3bdb-c894-521e-8339-a590c6a72c93,CUST-0006666,DL-1621-20260425-MSY-MSP,2026-04-25,DL,msy,MSP,msy-MSP,2026-03-16 21:48:00,AGENCY,LOYALTY,not-a-number,USD,CONFIRMED,PAID,false,2026-03-16 21:48:00,2026-03-19 09:48:00
11161,row-11161,Missing booking_id,,CUST-0013220,DL-1622-20260402-LAS-SLC,2026-04-02,dl,LAS,SLC,LAS-SLC,2026-03-18 06:25:00,AGENCY,RETURNING,132.88,usd,CONFIRMED,PAID,false,2026-03-18 06:25:00,2026-03-18 07:25:00
11872,row-11872,Missing booking_id,,CUST-0009419,DL-1622-20260409-LAS-SLC,2026-04-09,DL,LAS,SLC,LAS-SLC,2026-02-10 08:44:00,WEB,NEW,123.5,USD,Booked,PAID,false,2026-02-10 08:44:00,2026-02-11 21:44:00
11900,BKG-DCE2E7CE-42B9-58C9-AF3F-A8B6FC128ED6,Invalid flight_date,BKG-dce2e7ce-42b9-58c9-af3f-a8b6fc128ed6,CUST-0003502,DL-1622-20260410-LAS-SLC,not-a-date,DL,LAS,SLC,LAS-SLC,2026-03-17 05:28:00,WEB,RETURNING,103.06,USD,CONFIRMED,PAID,false,2026-03-17 05:28:00,2026-03-19 07:28:00
12210,BKG-1E0A1446-FD9E-50CC-A854-D0E24CC724FF,Invalid flight_date,BKG-1e0a1446-fd9e-50cc-a854-d0e24cc724ff,CUST-0019714,DL-1622-20260413-CLT-DTW,not-a-date,DL,CLT,DTW,CLT-DTW,2026-03-18 18:04:00,Web,RETURNING,199.02,USD,CONFIRMED,PAID,false,2026-03-18 18:04:00,2026-03-19 15:04:00
12216,row-12216,Missing booking_id,,CUST-0019556,DL-1622-20260413-CLT-DTW,2026-04-13,DL,CLT,DTW,CLT-DTW,2026-02-11 03:20:00,MOBILE_APP,RETURNING,145.6,USD,CONFIRMED,PAID,false,2026-02-11 03:20:00,2026-02-11 18:20:00
12593,BKG-4797AC1C-C4DD-51D7-9CB2-B10D9967A7B9,Invalid ticket_price,BKG-4797ac1c-c4dd-51d7-9cb2-b10d9967a7b9,CUST-0010364,DL-1622-20260416-CLT-DTW,2026-04-16,DL,CLT,DTW,CLT-DTW,2026-02-09 01:14:00,WEB,RETURNING,not-a-number,USD,CONFIRMED,PAID,false,2026-02-09 01:14:00,2026-02-09 10:14:00
12603,BKG-311F0DA1-85E8-5D28-A28A-D357A97FDA18,Invalid ticket_price,BKG-311f0da1-85e8-5d28-a28a-d357a97fda18,CUST-0009882,DL-1622-20260416-CLT-DTW,2026-04-16,DL,CLT,DTW,CLT-DTW,2026-02-11 19:05:00,MOBILE_APP,NEW,not-a-number,USD,CONFIRMED,PAID,false,2026-02-11 19:05:00,2026-02-13 07:05:00
13272,BKG-7CC39DBD-855F-54DD-8288-95EF68818873,Invalid flight_date,BKG-7cc39dbd-855f-54dd-8288-95ef68818873,CUST-0005209,DL-1622-20260423-CLT-DTW,not-a-date,DL,CLT,DTW,CLT-DTW,2026-03-02 08:03:00,WEB,NEW,189.76,USD,CONFIRMED,PAID,false,2026-03-02 08:03:00,2026-03-05 06:03:00
14019,row-14019,Missing booking_id,,CUST-0014896,DL-1622-20260430-CLT-DTW,2026-04-30,DL,CLT,DTW,CLT-DTW,2026-03-17 09:18:00,MOBILE_APP,RETURNING,191.13,USD, complete ,PAID,false,2026-03-17 09:18:00,2026-03-17 18:18:00
14047,BKG-D4F00421-21BB-588A-A9A1-95C4DA365D87,Invalid flight_date,BKG-d4f00421-21bb-588a-a9a1-95c4da365d87,CUST-0012174,DL-1622-20260430-CLT-DTW,not-a-date,DL,clt,DTW,clt-DTW,2026-03-08 02:15:00,AGENCY,RETURNING,142.57,USD,CONFIRMED,paid,false,2026-03-08 02:15:00,2026-03-10 20:15:00
14250,BKG-D5F1F394-DF64-5D74-AE7F-CACC3D915794,Invalid flight_date,BKG-d5f1f394-df64-5d74-ae7f-cacc3d915794,CUST-0003034,DL-1623-20260401-SLC-DEN,not-a-date,DL,SLC,DEN,SLC-DEN,2026-02-15 04:12:00,WEB,NEW,119.16,USD,CONFIRMED,PAID,false,2026-02-15 04:12:00,2026-02-16 20:12:00
14378,BKG-F3E32B4B-EB3B-51DD-A803-AB91AE8E2ED8,Invalid flight_date,BKG-f3e32b4b-eb3b-51dd-a803-ab91ae8e2ed8,CUST-0015293,DL-1623-20260402-DEN-SLC,not-a-date,DL,DEN,SLC,DEN-SLC,2026-01-18 22:10:00,WEB,BUSINESS,91.11,USD,CONFIRMED,PAID,false,2026-01-18 22:10:00,2026-01-21 11:10:00
14716,BKG-12F25E73-72D7-5DDB-9212-6E9F36DFD8C3,Invalid flight_date,BKG-12f25e73-72d7-5ddb-9212-6e9f36dfd8c3,CUST-0015892,DL-1623-20260404-DEN-SLC,not-a-date,DL,DEN,SLC,DEN-SLC,2026-03-26 15:52:00,MOBILE_APP,RETURNING,110.33,USD,CONFIRMED,PAID,false,2026-03-26 15:52:00,2026-03-27 21:52:00
14733,BKG-269CDB57-E76A-501D-9BB2-0B67F846D2E1,Invalid ticket_price,BKG-269cdb57-e76a-501d-9bb2-0b67f846d2e1,CUST-0001949,DL-1623-20260404-SLC-DEN,2026-04-04,DL,SLC,DEN,SLC-DEN,2026-03-27 18:42:00,AGENCY,RETURNING,not-a-number,USD,PENDING,DECLINED,false,2026-03-27 18:42:00,2026-03-29 15:42:00
14852,row-14852,Missing booking_id,,CUST-0015369,DL-1623-20260404-SLC-DEN,2026-04-04,DL,SLC,den,SLC-den,2026-03-09 12:53:00,MOBILE_APP,NEW,117.98,USD,CONFIRMED,PAID,false,2026-03-09 12:53:00,2026-03-10 15:53:00
15729,BKG-330B5481-04E5-54A3-A1AF-2047B0E0971A,Invalid flight_date,BKG-330b5481-04e5-54a3-a1af-2047b0e0971a,CUST-0011668,DL-1623-20260408-SLC-DEN,not-a-date,DL,SLC,DEN,SLC-DEN,2026-02-27 18:55:00,MOBILE_APP,LOYALTY,115.4,USD,CONFIRMED,PAID,false,2026-02-27 18:55:00,2026-03-01 02:55:00
16601,BKG-F815E5DB-A99A-5B5B-8EC1-A625EBBD1694,Invalid flight_date,BKG-f815e5db-a99a-5b5b-8ec1-a625ebbd1694,CUST-0005523,DL-1623-20260414-SLC-DEN,not-a-date,DL,SLC,DEN,SLC-DEN,2026-03-04 03:58:00,MOBILE_APP,RETURNING,122.11,USD,CONFIRMED,FAILED,false,2026-03-04 03:58:00,2026-03-05 06:58:00
17386,row-17386,Missing booking_id,,CUST-0012313,DL-1623-20260420-SLC-DEN,2026-04-20,DL,SLC,DEN,SLC-DEN,2026-03-21 07:20:00,MOBILE_APP,Loyalty,74.91,USD,CONFIRMED,PAID,false,2026-03-21 07:20:00,2026-03-23 14:20:00
17823,BKG-192A52A2-2C8B-563A-93B5-38E29641560B,Invalid ticket_price,BKG-192a52a2-2c8b-563a-93b5-38e29641560b,CUST-0019961,DL-1623-20260424-SLC-DEN,2026-04-24,DL,SLC,DEN,SLC-DEN,2026-04-15 17:52:00,WEB,NEW,not-a-number,USD,CANCELLED,PAID,false,2026-04-15 17:52:00,2026-04-15 20:52:00
17883,row-17883,Missing booking_id,,CUST-0016485,DL-1623-20260425-SLC-DEN,2026-04-25,DL,SLC,DEN,SLC-DEN,2026-02-22 04:38:00,WEB,RETURNING,107.18,USD,CONFIRMED,PAID,false,2026-02-22 04:38:00,2026-02-23 21:38:00
18072,BKG-42EEF2FF-66C1-508B-92BF-06B4433293D1,Invalid ticket_price,BKG-42eef2ff-66c1-508b-92bf-06b4433293d1,CUST-0003150,DL-1623-20260427-SLC-DEN,2026-04-27,DL,SLC,DEN,SLC-DEN,2026-03-09 07:30:00,WEB,RETURNING,not-a-number,USD,CONFIRMED,PAID,false,2026-03-09 07:30:00,2026-03-10 19:30:00
18320,BKG-1CB28210-4611-50E9-8C85-2A902E454460,Invalid flight_date,BKG-1cb28210-4611-50e9-8c85-2a902e454460,CUST-0001199,DL-1623-20260429-SLC-DEN,not-a-date,DL,SLC,DEN,SLC-DEN,2026-04-03 17:41:00,CALL_CENTER,NEW,108.28,USD,CONFIRMED,PAID,false,2026-04-03 17:41:00,2026-04-03 20:41:00
18501,BKG-67192613-0208-558D-9E71-3997C30A42D8,Invalid ticket_price,BKG-67192613-0208-558d-9e71-3997c30a42d8,CUST-0008696,DL-1623-20260430-SLC-DEN,2026-04-30,DL,SLC,DEN,SLC-DEN,2026-01-30 16:13:00,WEB,RETURNING,not-a-number,USD,CONFIRMED,PAID,false,2026-01-30 16:13:00,2026-02-02 05:13:00
18723,BKG-1591ADA1-18FD-5748-BB7F-FE0B589152AB,Invalid ticket_price,BKG-1591ada1-18fd-5748-bb7f-fe0b589152ab,CUST-0001120,DL-1624-20260403-MEM-ATL,2026-04-03,DL,MEM,ATL,MEM-ATL,2026-02-27 02:04:00,WEB,RETURNING,not-a-number,USD,CONFIRMED,PAID,false,2026-02-27 02:04:00,2026-03-01 23:04:00
19104,BKG-CB9246CB-879B-51BA-BDF5-E4AE2718FFE8,Invalid ticket_price,BKG-cb9246cb-879b-51ba-bdf5-e4ae2718ffe8,CUST-0017409,DL-1624-20260406-MEM-ATL,2026-04-06,DL,MEM,ATL,MEM-ATL,2026-03-09 17:04:00,WEB,BUSINESS,not-a-number,USD,CANCELLED,REFUNDED,true,2026-03-09 17:04:00,2026-03-11 00:04:00
19283,BKG-F05D2815-B058-515E-AEC0-522898950268,Invalid flight_date,BKG-f05d2815-b058-515e-aec0-522898950268,CUST-0013850,DL-1624-20260409-MEM-ATL,not-a-date,DL,MEM,ATL,MEM-ATL,2026-02-24 09:42:00,AGENCY,Returning,104.62,USD,CONFIRMED,PAID,false,2026-02-24 09:42:00,2026-02-27 07:42:00
19608,row-19608,Missing booking_id,,CUST-0002513,DL-1624-20260412-MEM-ATL,2026-04-12,DL,MEM,ATL,MEM-ATL,2026-02-23 15:11:00,WEB,NEW,111.03,USD,CONFIRMED,PAID,false,2026-02-23 15:11:00,2026-02-26 15:11:00
19627,row-19627,Missing booking_id,,CUST-0014588,DL-1624-20260412-MEM-ATL,2026-04-12,DL,MEM,ATL,MEM-ATL,2026-04-04 07:08:00,WEB,RETURNING,101.52,USD,PENDING,PAID,false,2026-04-04 07:08:00,2026-04-07 01:08:00
19645,row-19645,Missing booking_id,,CUST-0016432,DL-1624-20260412-MEM-ATL,2026-04-12,DL,MEM,ATL,MEM-ATL,2026-02-23 13:24:00,WEB,NEW,108.18,USD,CONFIRMED,PAID,false,2026-02-23 13:24:00,2026-02-24 17:24:00
19755,BKG-31F5AF05-41C2-537C-8A64-005ED9B8E544,Invalid ticket_price,BKG-31f5af05-41c2-537c-8a64-005ed9b8e544,CUST-0008828,DL-1624-20260413-MEM-ATL,2026-04-13,DL,MEM,ATL,MEM-ATL,2026-01-14 07:28:00,WEB,LOYALTY,not-a-number,USD,CONFIRMED,PAID,false,2026-01-14 07:28:00,2026-01-15 22:28:00
19830,BKG-D29CBDD6-047F-5644-88CA-9638F3801915,Invalid ticket_price,BKG-d29cbdd6-047f-5644-88ca-9638f3801915,CUST-0015478,DL-1624-20260414-MEM-ATL,2026-04-14,DL,MEM,ATL,MEM-ATL,2026-02-24 07:09:00,AGENCY,Returning,not-a-number,USD,CONFIRMED,PAID,false,2026-02-24 07:09:00,2026-02-26 05:09:00
20542,BKG-3E9E9532-832A-5CBC-BDF0-8E303C9AB83B,Invalid flight_date,BKG-3e9e9532-832a-5cbc-bdf0-8e303c9ab83b,CUST-0017641,DL-1624-20260421-MEM-ATL,not-a-date,DL,MEM-T1,ATL,MEM-T1-ATL,2026-04-02 08:38:00,MOBILE_APP,RETURNING,146.42,USD,CONFIRMED,SUCCESS,false,2026-04-02 08:38:00,2026-04-03 15:38:00
20727,BKG-0721BB9B-A372-5BF4-A0BF-B161EDDD75E7,Invalid flight_date,BKG-0721bb9b-a372-5bf4-a0bf-b161eddd75e7,CUST-0014361,DL-1624-20260423-MEM-ATL,not-a-date,DL,MEM,ATL-T1,MEM-ATL-T1,2026-03-21 22:01:00,WEB,RETURNING,128.79,USD,CONFIRMED, paid ,false,2026-03-21 22:01:00,2026-03-22 03:01:00
20878,BKG-EF246788-80A5-53ED-9530-5883DF18658D,Invalid ticket_price,BKG-ef246788-80a5-53ed-9530-5883df18658d,CUST-0014780,DL-1624-20260424-MEM-ATL,2026-04-24,DL,MEM,ATL,MEM-ATL,2026-02-12 15:01:00,AGENCY,RETURNING,not-a-number,USD,CONFIRMED,FAILED,false,2026-02-12 15:01:00,2026-02-13 10:01:00
21775,BKG-576A1664-01FD-533B-8720-9E1048932D06,Invalid ticket_price,BKG-576a1664-01fd-533b-8720-9e1048932d06,CUST-0011530,DL-1625-20260402-MEM-ATL,2026-04-02,DL, MEM ,ATL, MEM -ATL,2026-03-13 06:15:00,WEB,NEW,not-a-number,USD,CONFIRMED,PAID,false,2026-03-13 06:15:00,2026-03-13 07:15:00
21836,BKG-74124F7D-3205-50EC-B293-2CDEFE6C4356,Invalid ticket_price,BKG-74124f7d-3205-50ec-b293-2cdefe6c4356,CUST-0001451,DL-1625-20260402-MEM-ATL,2026-04-02,DL,MEM,ATL,MEM-ATL,2026-03-01 02:01:00,CALL_CENTER,RETURNING,not-a-number,USD,PENDING,PAID,false,2026-03-01 02:01:00,2026-03-01 20:01:00
21930,BKG-46CB246A-59CB-54A5-AE0C-90B9F06250C9,Invalid flight_date,BKG-46cb246a-59cb-54a5-ae0c-90b9f06250c9,CUST-0000852,DL-1625-20260403-MEM-ATL,not-a-date,DL,MEM,ATL,MEM-ATL,2026-02-10 01:45:00,MOBILE_APP,RETURNING,84.85,USD,CONFIRMED,PAID,false,2026-02-10 01:45:00,2026-02-10 20:45:00
22107,row-22107,Missing booking_id,,CUST-0010716,DL-1625-20260405-MEM-ATL,2026-04-05,DL,MEM,ATL,MEM-ATL,2026-03-15 02:11:00,WEB,NEW,124.22,USD,CANCELLED,SUCCESS,false,2026-03-15 02:11:00,2026-03-17 02:11:00
22109,row-22109,Missing booking_id,,CUST-0011357,DL-1625-20260405-MEM-ATL,2026-04-05,DL,MEM-T1,ATL,MEM-T1-ATL,2026-02-10 20:07:00,AGENCY,NEW,95.26,USD,CONFIRMED,PAID,false,2026-02-10 20:07:00,2026-02-13 04:07:00
22360,row-22360,Missing booking_id,,CUST-0002917,DL-1625-20260407-MEM-ATL,2026-04-07,DL,MEM,ATL,MEM-ATL,2026-03-15 08:26:00,WEB,RETURNING,110.55,USD,CONFIRMED,PAID,false,2026-03-15 08:26:00,2026-03-16 01:26:00
22510,row-22510,Missing booking_id,,CUST-0003275,DL-1625-20260408-MEM-ATL,2026-04-08,DL,MEM,ATL,MEM-ATL,2026-01-22 23:45:00,WEB,NEW,88.94,USD,CONFIRMED,PAID,false,2026-01-22 23:45:00,2026-01-22 23:45:00
22577,row-22577,Missing booking_id,,CUST-0005647,DL-1625-20260409-MEM-ATL,2026-04-09,DL,MEM,ATL,MEM-ATL,2026-01-17 17:42:00,WEB,RETURNING,117.49,USD,CONFIRMED,PAID,false,2026-01-17 17:42:00,2026-01-18 18:42:00
22655,BKG-2A3C8058-1E0F-51DE-99FA-7F81C0A42E1B,Invalid ticket_price,BKG-2a3c8058-1e0f-51de-99fa-7f81c0a42e1b,CUST-0004412,DL-1625-20260410-MEM-ATL,2026-04-10,DL,MEM,ATL,MEM-ATL,2026-01-09 11:44:00,CALL CENTER,BUSINESS,not-a-number,USD,CONFIRMED,PAID,false,2026-01-09 11:44:00,2026-01-10 11:44:00
22764,row-22764,Missing booking_id,,CUST-0003842,DL-1625-20260411-MEM-ATL,2026-04-11,DL,MEM,ATL,MEM-ATL,2026-01-19 20:30:00,MOBILE_APP,RETURNING,87.68,USD,CONFIRMED,PAID,false,2026-01-19 20:30:00,2026-01-22 01:30:00
22765,row-22765,Missing booking_id,,CUST-0003842,DL-1625-20260411-MEM-ATL,2026-04-11,DL,MEM,ATL,MEM-ATL,2026-01-19 20:30:00,MOBILE_APP,RETURNING,90.18,USD, CONFIRMED ,PAID,false,2026-01-19 20:30:00,2026-01-23 20:30:00
24273,BKG-C49E8E17-A91F-5554-92C8-23D1C48107A2,Invalid flight_date,BKG-c49e8e17-a91f-5554-92c8-23d1c48107a2,CUST-0019914,DL-1625-20260426-MEM-ATL,not-a-date,DL,MEM,ATL,MEM-ATL,2026-02-01 14:01:00,WEB,RETURNING,84.23,USD,CONFIRMED,PAID,false,2026-02-01 14:01:00,2026-02-01 17:01:00
24611,BKG-8407DDA0-0105-5DF3-87B8-47413B81EDAC,Invalid ticket_price,BKG-8407dda0-0105-5df3-87b8-47413b81edac,CUST-0005706,DL-1625-20260429-MEM-ATL,2026-04-29,DL,MEM,ATL,MEM-ATL,2026-02-24 19:28:00,MOBILE_APP,RETURNING,not-a-number,USD,CONFIRMED,SUCCESS,false,2026-02-24 19:28:00,2026-02-25 04:28:00
25757,row-25757,Missing booking_id,,CUST-0016633,DL-1626-20260409-STL-DTW,2026-04-09,DL,STL,DTW,STL-DTW,2026-01-10 13:20:00,MOBILE_APP,NEW,129.22,USD,CONFIRMED,REFUNDED,true,2026-01-10 13:20:00,2026-01-13 07:20:00
26981,BKG-60018973-CBEE-506C-ACCA-B0643790AF1E,Invalid ticket_price,BKG-60018973-cbee-506c-acca-b0643790af1e,CUST-0018981,DL-1626-20260422-STL-DTW,2026-04-22,DL,STL,DTW,STL-DTW,2026-04-12 05:12:00,WEB,LOYALTY,not-a-number,USD,CONFIRMED,REFUNDED,true,2026-04-12 05:12:00,2026-04-13 12:12:00
27984,BKG-79F0F782-CB33-5CF7-9D8E-CD69751D41DD,Invalid ticket_price,BKG-79f0f782-cb33-5cf7-9d8e-cd69751d41dd,CUST-0006984,DL-1628-20260401-SEA-LAX,2026-04-01,DL,SEA-T1,LAX,SEA-T1-LAX,2026-02-18 00:30:00,MOBILE_APP,BUSINESS,not-a-number,USD,CONFIRMED,PAID,false,2026-02-18 00:30:00,2026-02-19 09:30:00
28238,BKG-70998D08-E96C-5480-94C3-E37FEAE4D3CB,Invalid ticket_price,BKG-70998d08-e96c-5480-94c3-e37feae4d3cb,CUST-0008663,DL-1628-20260403-SEA-LAX,2026-04-03,DL,SEA,LAX,SEA-LAX,2026-01-28 07:15:00, WEB ,BUSINESS,not-a-number,USD,CONFIRMED,PAID,false,2026-01-28 07:15:00,2026-01-30 17:15:00
28518,row-28518,Missing booking_id,,CUST-0011141,DL-1628-20260405-SEA-LAX,2026-04-05,DL,SEA,LAX,SEA-LAX,2026-02-05 18:39:00, WEB ,RETURNING,175.49,USD,CONFIRMED,PAID,false,2026-02-05 18:39:00,2026-02-05 21:39:00
28604,BKG-FCC5411D-6112-52A9-AAD4-356E63C9E0BB,Invalid flight_date,BKG-fcc5411d-6112-52a9-aad4-356e63c9e0bb,CUST-0018594,DL-1628-20260406-SEA-LAX,not-a-date,dl,SEA,LAX,SEA-LAX,2026-02-12 17:02:00,agency,LOYALTY,288.22,USD,CONFIRMED,PAID,false,2026-02-12 17:02:00,2026-02-14 13:02:00
29251,row-29251,Missing booking_id,,CUST-0001721,DL-1628-20260412-SEA-LAX,2026-04-12,DL,SEA,LAX-T1,SEA-LAX-T1,2026-01-22 02:18:00,WEB,LOYALTY,207.62,USD,CONFIRMED,PAID,false,2026-01-22 02:18:00,2026-01-23 18:18:00
29291,row-29291,Missing booking_id,,CUST-0002057,DL-1628-20260412-SEA-LAX,2026-04-12,DL,SEA,LAX,SEA-LAX,2026-03-17 07:21:00,AGENCY,NEW,218.46,USD,CONFIRMED,PAID,false,2026-03-17 07:21:00,2026-03-17 22:21:00
29292,row-29292,Missing booking_id,,CUST-0002057,DL-1628-20260412-SEA-LAX,2026-04-12,DL,SEA,LAX,SEA-LAX,2026-03-17 07:21:00,AGENCY,NEW,220.96,USD, CONFIRMED ,PAID,false,2026-03-17 07:21:00,2026-03-18 00:21:00
29439,BKG-20B70618-A83F-5B39-BD54-7F976EB7F63D,Invalid ticket_price,BKG-20b70618-a83f-5b39-bd54-7f976eb7f63d,CUST-0001169,DL-1628-20260414-SEA-LAX,2026-04-14,DL,SEA,LAX,SEA-LAX,2026-02-23 12:16:00,WEB, NEW ,not-a-number,USD,CONFIRMED,PAID,false,2026-02-23 12:16:00,2026-02-24 10:16:00
29707,row-29707,Missing booking_id,,CUST-0010205,DL-1628-20260415-SEA-LAX,2026-04-15,DL,SEA,LAX,SEA-LAX,2026-04-01 12:24:00,WEB,RETURNING,140.74,USD,CONFIRMED,PAID,false,2026-04-01 12:24:00,2026-04-02 00:24:00
30017,BKG-257CD40C-7344-552C-A84E-C93835FE0DE8,Invalid ticket_price,BKG-257cd40c-7344-552c-a84e-c93835fe0de8,CUST-0006309,DL-1628-20260418-SEA-LAX,2026-04-18,DL,SEA,LAX,SEA-LAX,2026-03-18 01:29:00,WEB,RETURNING,not-a-number,USD,CONFIRMED,PAID,false,2026-03-18 01:29:00,2026-03-20 11:29:00
30357,BKG-6C6ACEC4-718F-59DD-AD63-9A03DEED00F2,Invalid flight_date,BKG-6c6acec4-718f-59dd-ad63-9a03deed00f2,CUST-0016527,DL-1628-20260422-SEA-LAX,not-a-date,DL,SEA,LAX,SEA-LAX,2026-03-06 19:29:00,MOBILE_APP,BUSINESS,228.09,USD,CONFIRMED,PAID,false,2026-03-06 19:29:00,2026-03-09 17:29:00
31276,row-31276,Missing booking_id,,CUST-0013883,DL-1629-20260401-CLT-ATL,2026-04-01,DL,CLT,ATL,CLT-ATL,2026-02-17 03:33:00,WEB,NEW,105.57,USD,CONFIRMED,PAID,false,2026-02-17 03:33:00,2026-02-18 02:33:00
31442,row-31442,Missing booking_id,,CUST-0008092,DL-1629-20260402-CLT-ATL,2026-04-02,DL,CLT,ATL,CLT-ATL,2026-02-28 09:44:00,Mobile_App,RETURNING,124.15,USD,CONFIRMED,PAID,false,2026-02-28 09:44:00,2026-03-01 23:44:00
31950,BKG-A2A24909-389B-5988-A471-8CE127EEB364,Invalid ticket_price,BKG-a2a24909-389b-5988-a471-8ce127eeb364,CUST-0017462,DL-1629-20260407-CLT-ATL,2026-04-07,DL,CLT,ATL,CLT-ATL,2026-02-01 14:54:00,WEB,RETURNING,not-a-number,USD,CONFIRMED,PAID,false,2026-02-01 14:54:00,2026-02-04 10:54:00
32273,BKG-832D58A5-9152-52C1-B7A6-8932EB7C7AE7,Invalid ticket_price,BKG-832d58a5-9152-52c1-b7a6-8932eb7c7ae7,CUST-0010120,DL-1629-20260410-CLT-ATL,2026-04-10,DL,CLT,ATL,CLT-ATL,2026-03-24 07:32:00,WEB,RETURNING,not-a-number,USD,CONFIRMED,PAID,false,2026-03-24 07:32:00,2026-03-25 16:32:00
32434,BKG-2711C2BB-86BD-57B5-914B-BBDE717DA7F2,Invalid flight_date,BKG-2711c2bb-86bd-57b5-914b-bbde717da7f2,CUST-0000879,DL-1629-20260411-ATL-CLT,not-a-date,DL,ATL-T1,CLT,ATL-T1-CLT,2026-03-02 03:06:00,mobile_app,RETURNING,109.25,USD,CONFIRMED,PAID,false,2026-03-02 03:06:00,2026-03-04 23:06:00
32526,row-32526,Missing booking_id,,CUST-0009878,DL-1629-20260411-CLT-ATL,2026-04-11,DL,CLT,ATL,CLT-ATL,2026-02-07 11:55:00,WEB,NEW,133.13,USD,CONFIRMED,PAID,false,2026-02-07 11:55:00,2026-02-08 04:55:00
32668,BKG-D3D4ECCC-35A4-5644-B86C-CB79BDEFF417,Invalid flight_date,BKG-d3d4eccc-35a4-5644-b86c-cb79bdeff417,CUST-0013288,DL-1629-20260412-CLT-ATL,not-a-date,DL,CLT,ATL,CLT-ATL,2026-01-11 18:00:00,WEB,NEW,130.31,USD,CONFIRMED,PAID,false,2026-01-11 18:00:00,2026-01-12 02:00:00
33120,BKG-DFDF37C7-F9F8-5448-A6F8-A0E23B8D5170,Invalid ticket_price,BKG-dfdf37c7-f9f8-5448-a6f8-a0e23b8d5170,CUST-0011784,DL-1629-20260417-MIA-JFK,2026-04-17,DL,MIA,JFK,MIA-JFK,2026-03-18 02:05:00,call_center,NEW,not-a-number,USD,CONFIRMED,PAID,false,2026-03-18 02:05:00,2026-03-19 03:05:00
33143,BKG-206ED1B8-FA52-5BA0-866A-F3A75C9EE530,Invalid ticket_price,BKG-206ed1b8-fa52-5ba0-866a-f3a75c9ee530,CUST-0002818,DL-1629-20260417-MIA-JFK,2026-04-17,DL,MIA,JFK,MIA-JFK,2026-03-05 04:43:00,Mobile_App,RETURNING,not-a-number,USD,CONFIRMED,PAID,false,2026-03-05 04:43:00,2026-03-06 12:43:00
33388,row-33388,Missing booking_id,,CUST-0004310,DL-1629-20260419-MIA-JFK,2026-04-19,DL,MIA,JFK,MIA-JFK,2026-03-14 16:11:00,AGENCY,NEW,275.43,USD,CANCELLED,REFUNDED,true,2026-03-14 16:11:00,2026-03-16 13:11:00
34000,BKG-A24771C4-353D-5D61-A070-F176DAFB5166,Invalid flight_date,BKG-a24771c4-353d-5d61-a070-f176dafb5166,CUST-0011331,DL-1629-20260425-MIA-JFK,not-a-date,DL,MIA,JFK,MIA-JFK,2026-04-20 09:03:00,AGENCY,NEW,194.66,USD,CONFIRMED,PAID,false,2026-04-20 09:03:00,2026-04-23 03:03:00
34001,BKG-A24771C4-353D-5D61-A070-F176DAFB5166,Invalid flight_date,BKG-a24771c4-353d-5d61-a070-f176dafb5166,CUST-0011331,DL-1629-20260425-MIA-JFK,not-a-date,DL,MIA,JFK,MIA-JFK,2026-04-20 09:03:00,AGENCY,NEW,193.66,USD,confirmed,PAID,false,2026-04-20 09:03:00,2026-04-24 18:03:00
34271,BKG-82C5FD15-B984-56A6-B70B-57205E65A59E,Invalid flight_date,BKG-82c5fd15-b984-56a6-b70b-57205e65a59e,CUST-0000589,DL-1629-20260427-MIA-JFK,not-a-date,DL,MIA,JFK,MIA-JFK,2026-02-14 05:48:00,WEB,NEW,230.24,USD,CONFIRMED,REFUNDED,true,2026-02-14 05:48:00,2026-02-16 14:48:00
34403,row-34403,Missing booking_id,,CUST-0001298,DL-1629-20260428-MIA-JFK,2026-04-28,DL, MIA ,JFK, MIA -JFK,2026-04-01 21:12:00,MOBILE_APP,RETURNING,240.91,USD,CONFIRMED,PAID,false,2026-04-01 21:12:00,2026-04-03 15:12:00
34859,row-34859,Missing booking_id,,CUST-0007855,DL-1630-20260403-MEM-MSP,2026-04-03,DL,MEM,MSP,MEM-MSP,2026-01-10 07:53:00,WEB,NEW,151.26,USD,CONFIRMED,PAID,false,2026-01-10 07:53:00,2026-01-12 15:53:00
35264,row-35264,Missing booking_id,,CUST-0011410,DL-1630-20260408-MEM-MSP,2026-04-08,DL,MEM,MSP,MEM-MSP,2026-03-12 23:25:00,WEB,RETURNING,155.42,USD,CONFIRMED,PAID,false,2026-03-12 23:25:00,2026-03-13 16:25:00
35378,row-35378,Missing booking_id,,CUST-0005963,DL-1630-20260408-MEM-MSP,2026-04-08,DL,MEM,MSP,MEM-MSP,2026-03-26 05:01:00,WEB,LOYALTY,160.73,USD,CONFIRMED,PAID,false,2026-03-26 05:01:00,2026-03-27 11:01:00
35973,BKG-6B91BDE9-4A5D-593D-9CC8-C81A4EB44DC0,Invalid flight_date,BKG-6b91bde9-4a5d-593d-9cc8-c81a4eb44dc0,CUST-0006318,DL-1631-20260403-FLL-ATL,not-a-date,DL,FLL,ATL,FLL-ATL,2026-02-13 22:44:00,WEB,BUSINESS,175.9,USD,CONFIRMED,PAID,false,2026-02-13 22:44:00,2026-02-15 20:44:00
36119,row-36119,Missing booking_id,,CUST-0017487,DL-1631-20260404-FLL-ATL,2026-04-04,DL,FLL,ATL,FLL-ATL,2026-02-03 06:09:00,MOBILE_APP,NEW,177.03,USD,Booked,PAID,false,2026-02-03 06:09:00,2026-02-04 07:09:00
36214,BKG-FBB19BD3-9BB2-5060-9279-CB591097D7A0,Invalid ticket_price,BKG-fbb19bd3-9bb2-5060-9279-cb591097d7a0,CUST-0002016,DL-1631-20260405-FLL-ATL,2026-04-05,DL,FLL,ATL,FLL-ATL,2026-01-24 22:53:00,MOBILE_APP,RETURNING,not-a-number,USD,CONFIRMED,PAID,false,2026-01-24 22:53:00,2026-01-25 08:53:00
36375,BKG-4A3AC1C8-090C-58C6-8F1C-BC6AEA940C1A,Invalid flight_date,BKG-4a3ac1c8-090c-58c6-8f1c-bc6aea940c1a,CUST-0007290,DL-1631-20260407-FLL-ATL,not-a-date,DL,FLL,ATL,FLL-ATL,2026-03-08 11:43:00,WEB,RETURNING,130.35,USD,CONFIRMED,PAID,false,2026-03-08 11:43:00,2026-03-11 01:43:00
36747,row-36747,Missing booking_id,,CUST-0018589,DL-1631-20260410-FLL-ATL,2026-04-10,DL,FLL,ATL,FLL-ATL,2026-02-19 01:56:00,MOBILE_APP,RETURNING,162.46,USD, complete ,PAID,false,2026-02-19 01:56:00,2026-02-20 16:56:00
36903,BKG-809FD026-3CE4-5DD8-BDCF-1DC05555D41F,Invalid flight_date,BKG-809fd026-3ce4-5dd8-bdcf-1dc05555d41f,CUST-0018159,DL-1631-20260411-FLL-ATL,not-a-date,DL,FLL,ATL,FLL-ATL,2026-02-17 11:34:00,MOBILE_APP,RETURNING,158.12,USD,CANCELLED,REFUNDED,true,2026-02-17 11:34:00,2026-02-18 11:34:00
37006,BKG-1311082E-80DE-512B-81F6-11539989B402,Invalid flight_date,BKG-1311082e-80de-512b-81f6-11539989b402,CUST-0011075,DL-1631-20260412-FLL-ATL,not-a-date,DL,FLL,ATL,FLL-ATL,2026-01-26 02:06:00,WEB,RETURNING,130.76,USD,CONFIRMED,REFUNDED,true,2026-01-26 02:06:00,2026-01-28 07:06:00
37029,row-37029,Missing booking_id,,CUST-0006725,DL-1631-20260412-FLL-ATL,2026-04-12,DL,fll,ATL,fll-ATL,2026-03-01 20:14:00,web,BUSINESS,175.17,USD,CONFIRMED,PAID,false,2026-03-01 20:14:00,2026-03-02 01:14:00
37088,row-37088,Missing booking_id,,CUST-0013676,DL-1631-20260413-FLL-ATL,2026-04-13,DL,FLL,ATL-T1,FLL-ATL-T1,2026-02-17 06:49:00,WEB,NEW,141.84,USD,CONFIRMED,SETTLED,false,2026-02-17 06:49:00,2026-02-17 19:49:00
37170,BKG-498BF6FF-7083-5182-BD63-00FC590C93CE,Invalid ticket_price,BKG-498bf6ff-7083-5182-bd63-00fc590c93ce,CUST-0004758,DL-1631-20260413-FLL-ATL,2026-04-13,DL,FLL,ATL,FLL-ATL,2026-02-20 11:21:00,MOBILE_APP,RETURNING,not-a-number,USD,CONFIRMED,PAID,false,2026-02-20 11:21:00,2026-02-23 00:21:00
38835,row-38835,Missing booking_id,,CUST-0013955,DL-1631-20260427-FLL-ATL,2026-04-27,DL,FLL,ATL,FLL-ATL,2026-04-24 21:39:00,CALL_CENTER,NEW,157.53,USD,CONFIRMED,PAID,false,2026-04-24 21:39:00,2026-04-27 01:39:00
38878,row-38878,Missing booking_id,,CUST-0004046,DL-1631-20260427-FLL-ATL,2026-04-27,DL,FLL,ATL,FLL-ATL,2026-04-24 02:40:00,WEB,LOYALTY,168.76,Usd,CONFIRMED,FAILED,false,2026-04-24 02:40:00,2026-04-24 15:40:00
39134,BKG-1282DBE1-AB16-52EA-AA46-0BD4E3F59DD1,Invalid ticket_price,BKG-1282dbe1-ab16-52ea-aa46-0bd4e3f59dd1,CUST-0000350,DL-1631-20260429-FLL-ATL,2026-04-29,DL,FLL,ATL,FLL-ATL,2026-04-03 11:50:00,WEB,BUSINESS,not-a-number,USD,CONFIRMED,PAID,false,2026-04-03 11:50:00,2026-04-03 16:50:00
39545,row-39545,Missing booking_id,,CUST-0000535,DL-1632-20260404-LAS-LAX,2026-04-04,DL,LAS,LAX,LAS-LAX,2026-02-25 23:15:00,WEB,RETURNING,103.51,USD,CONFIRMED,PAID,false,2026-02-25 23:15:00,2026-02-25 22:15:00
39799,BKG-14B15AB1-B16E-55D7-937B-EAFE260258AC,Invalid ticket_price,BKG-14b15ab1-b16e-55d7-937b-eafe260258ac,CUST-0003118,DL-1632-20260407-LAS-LAX,2026-04-07,DL,LAS,LAX,LAS-LAX,2026-01-25 17:33:00,AGENCY,RETURNING,not-a-number,USD,CONFIRMED,paid,false,2026-01-25 17:33:00,2026-01-25 20:33:00
39813,BKG-5D8C5C1D-10FD-5A90-A3CB-35A6171EEC65,Invalid flight_date,BKG-5d8c5c1d-10fd-5a90-a3cb-35a6171eec65,CUST-0019336,DL-1632-20260407-LAS-LAX,not-a-date,DL, LAS ,LAX, LAS -LAX,2026-03-19 16:42:00,WEB,RETURNING,120.88,USD,CONFIRMED,PAID,false,2026-03-19 16:42:00,2026-03-21 19:42:00
41534,BKG-DA0FD51F-4DB0-5805-87B8-F8909A8D9A3C,Invalid ticket_price,BKG-da0fd51f-4db0-5805-87b8-f8909a8d9a3c,CUST-0019605,DL-1632-20260422-IAH-DTW,2026-04-22,DL,IAH,DTW,IAH-DTW,2026-03-04 06:39:00, MOBILE_APP ,Returning,not-a-number,USD,CONFIRMED,PAID,false,2026-03-04 06:39:00,2026-03-04 10:39:00
41569,BKG-E4923D59-7B53-5606-8666-A229D07BCDEA,Invalid flight_date,BKG-e4923d59-7b53-5606-8666-a229d07bcdea,CUST-0003315,DL-1632-20260423-IAH-DTW,not-a-date,DL,IAH,DTW,IAH-DTW,2026-02-14 18:30:00,AGENCY,RETURNING,252.03,USD,CONFIRMED,PAID,false,2026-02-14 18:30:00,2026-02-16 17:30:00
41680,row-41680,Missing booking_id,,CUST-0011686,DL-1632-20260423-IAH-DTW,2026-04-23,DL,IAH,DTW,IAH-DTW,2026-03-02 00:48:00,WEB,NEW,283.7,USD,PENDING,PAID,false,2026-03-02 00:48:00,2026-03-03 07:48:00
42069,BKG-FB79A6D1-426D-589E-B84E-D7E9EDCD0A02,Invalid flight_date,BKG-fb79a6d1-426d-589e-b84e-d7e9edcd0a02,CUST-0000186,DL-1632-20260427-IAH-DTW,not-a-date,DL,IAH,DTW,IAH-DTW,2026-03-04 08:30:00,WEB,RETURNING,177.38,usd,CONFIRMED,PAID,false,2026-03-04 08:30:00,2026-03-06 19:30:00
42365,row-42365,Missing booking_id,,CUST-0019553,DL-1632-20260430-IAH-DTW,2026-04-30,DL,IAH,DTW,IAH-DTW,2026-04-17 08:47:00,MOBILE_APP,LOYALTY,191.33,USD,CANCELLED,REFUNDED,true,2026-04-17 08:47:00,2026-04-20 08:47:00
42410,BKG-E90FDCC1-40A5-552C-BBA4-F482997E2A95,Invalid ticket_price,BKG-e90fdcc1-40a5-552c-bba4-f482997e2a95,CUST-0010917,DL-1632-20260430-IAH-DTW,2026-04-30,DL,IAH,DTW,IAH-DTW,2026-02-07 11:29:00,WEB,RETURNING,not-a-number,USD,CONFIRMED,PAID,false,2026-02-07 11:29:00,2026-02-09 14:29:00
42480,BKG-EF7DC550-DC13-5CC1-93CE-9AE9EF8C41EE,Invalid flight_date,BKG-ef7dc550-dc13-5cc1-93ce-9ae9ef8c41ee,CUST-0010709,DL-1633-20260401-DTW-IAH,not-a-date,DL,DTW,IAH,DTW-IAH,2026-02-24 08:38:00,MOBILE_APP,RETURNING,244.53,USD,CONFIRMED,PAID,false,2026-02-24 08:38:00,2026-02-25 11:38:00
42686,BKG-7A7AEC54-746B-501D-B2D3-DDD8EE369169,Invalid flight_date,BKG-7a7aec54-746b-501d-b2d3-ddd8ee369169,CUST-0010922,DL-1633-20260403-DTW-IAH,not-a-date,DL,DTW,IAH,DTW-IAH,2026-02-09 21:29:00,WEB,BUSINESS,242.01,USD,CONFIRMED,PAID,false,2026-02-09 21:29:00,2026-02-10 22:29:00
42716,BKG-630D62EB-C9BA-5EAE-B1A2-07312D919372,Invalid ticket_price,BKG-630d62eb-c9ba-5eae-b1a2-07312d919372,CUST-0010360,DL-1633-20260403-DTW-IAH,2026-04-03,DL,DTW,IAH,DTW-IAH,2026-02-19 01:55:00,call_center,NEW,not-a-number,USD,CONFIRMED,PAID,false,2026-02-19 01:55:00,2026-02-20 01:55:00
42717,BKG-630D62EB-C9BA-5EAE-B1A2-07312D919372,Invalid ticket_price,BKG-630d62eb-c9ba-5eae-b1a2-07312d919372,CUST-0010360,DL-1633-20260403-DTW-IAH,2026-04-03,DL,DTW,IAH,DTW-IAH,2026-02-19 01:55:00,call_center,NEW,not-a-number,USD,confirmed,PAID,false,2026-02-19 01:55:00,2026-02-20 04:55:00
42868,row-42868,Missing booking_id,,CUST-0014611,DL-1633-20260404-DTW-IAH,2026-04-04,DL,DTW,IAH,DTW-IAH,2026-02-12 18:54:00,MOBILE_APP,NEW,262.95,USD,CONFIRMED,PAID,false,2026-02-12 18:54:00,2026-02-14 05:54:00
43680,BKG-F9B52791-AABF-50FE-A4D6-9014F97B71B5,Invalid flight_date,BKG-f9b52791-aabf-50fe-a4d6-9014f97b71b5,CUST-0017318,DL-1633-20260413-DTW-IAH,not-a-date,DL,DTW,IAH,DTW-IAH,2026-03-02 03:59:00,MOBILE_APP,NEW,300.82,USD,CONFIRMED,SUCCESS,false,2026-03-02 03:59:00,2026-03-03 15:59:00
43768,row-43768,Missing booking_id,,CUST-0016817,DL-1633-20260414-DTW-IAH,2026-04-14,DL, DTW ,IAH, DTW -IAH,2026-03-01 06:33:00,MOBILE_APP,RETURNING,249.86,USD,PENDING,PAID,false,2026-03-01 06:33:00,2026-03-01 17:33:00
44120,BKG-A789A165-AEA7-54E6-AF79-8EE0DC2D0EAD,Invalid ticket_price,BKG-a789a165-aea7-54e6-af79-8ee0dc2d0ead,CUST-0005686,DL-1633-20260417-DTW-IAH,2026-04-17,DL,DTW,IAH,DTW-IAH,2026-02-10 11:39:00,CALL_CENTER,RETURNING,not-a-number,USD,CONFIRMED,PAID,false,2026-02-10 11:39:00,2026-02-11 03:39:00
44560,row-44560,Missing booking_id,,CUST-0005925,DL-1633-20260420-DTW-IAH,2026-04-20,DL,DTW,IAH,DTW-IAH,2026-03-16 00:27:00,MOBILE_APP,BUSINESS,203.63,USD,CONFIRMED,PAID,false,2026-03-16 00:27:00,2026-03-18 23:27:00
44685,BKG-49358F21-6DA4-549C-AE57-6F37960584CD,Invalid ticket_price,BKG-49358f21-6da4-549c-ae57-6f37960584cd,,DL-1633-20260421-DTW-IAH,2026-04-21,DL,DTW,IAH-T1,DTW-IAH-T1,2026-03-24 23:52:00,WEB,NEW,not-a-number,USD,CONFIRMED,PAID,false,2026-03-24 23:52:00,2026-03-27 23:52:00
45623,row-45623,Missing booking_id,,CUST-0007371,DL-1634-20260401-OGG-LAX,2026-04-01,DL,OGG,LAX,OGG-LAX,2026-02-24 14:15:00,MOBILE_APP,LOYALTY,405.9,USD,CONFIRMED,PAID,false,2026-02-24 14:15:00,2026-02-27 06:15:00
46231,BKG-F215BA08-19BC-5F01-8CDE-95B4DFA1A3FC,Invalid flight_date,BKG-f215ba08-19bc-5f01-8cde-95b4dfa1a3fc,CUST-0000469,DL-1634-20260409-OGG-LAX,not-a-date,DL,OGG-T1, LAX ,OGG-T1- LAX ,2026-03-14 07:14:00,WEB,NEW,452.54,USD,CONFIRMED,REFUNDED,true,2026-03-14 07:14:00,2026-03-15 00:14:00
46375,BKG-ABA53430-054F-5B58-9300-ECC2D9C74120,Invalid flight_date,BKG-aba53430-054f-5b58-9300-ecc2d9c74120,CUST-0006482,DL-1634-20260410-OGG-LAX,not-a-date,DL,OGG,LAX,OGG-LAX,2026-02-08 02:42:00,WEB,NEW,450.97,USD,CONFIRMED,PAID,false,2026-02-08 02:42:00,2026-02-09 03:42:00
47172,row-47172,Missing booking_id,,CUST-0014720,DL-1634-20260418-OGG-LAX,2026-04-18,DL,OGG,LAX,OGG-LAX,2026-03-02 23:28:00,WEB,LOYALTY,510.6,USD,CONFIRMED,PAID,false,2026-03-02 23:28:00,2026-03-04 01:28:00
47943,BKG-717F26C5-C8F9-5B4E-B4DB-14B29B6FC568,Invalid flight_date,BKG-717f26c5-c8f9-5b4e-b4db-14b29b6fc568,CUST-0003246,DL-1634-20260424-OGG-LAX,not-a-date,DL,OGG,LAX-T1,OGG-LAX-T1,2026-02-11 19:02:00,MOBILE_APP,BUSINESS,383.21,USD,CONFIRMED,PAID,false,2026-02-11 19:02:00,2026-02-12 02:02:00
48236,BKG-3B9232E7-90A7-5B31-8BB2-13FFE70E660D,Invalid flight_date,BKG-3b9232e7-90a7-5b31-8bb2-13ffe70e660d,CUST-0011428,DL-1634-20260427-OGG-LAX,not-a-date,DL,OGG,LAX,OGG-LAX,2026-01-28 15:25:00,MOBILE_APP,RETURNING,361.01,USD,CONFIRMED,PAID,false,2026-01-28 15:25:00,2026-01-29 10:25:00
48327,BKG-96BC88D2-BED8-584E-9B69-A4DABE2D024D,Invalid flight_date,BKG-96bc88d2-bed8-584e-9b69-a4dabe2d024d,CUST-0014632,DL-1634-20260428-OGG-LAX,not-a-date,DL,OGG,LAX,OGG-LAX,2026-03-02 20:08:00,WEB,LOYALTY,211.16,USD,CONFIRMED,PAID,false,2026-03-02 20:08:00,2026-03-04 23:08:00
48403,BKG-B30A0832-6C01-5AE2-A9BF-474B9C2AFF66,Invalid flight_date,BKG-b30a0832-6c01-5ae2-a9bf-474b9c2aff66,CUST-0010076,DL-1634-20260429-OGG-LAX,not-a-date,Dl,OGG,LAX,OGG-LAX,2026-02-17 12:30:00,WEB,NEW,481.86,USD,PENDING,PAID,false,2026-02-17 12:30:00,2026-02-19 21:30:00
48922,BKG-7F161C10-9C8B-5778-9D50-BADE7E2A71C7,Invalid flight_date,BKG-7f161c10-9c8b-5778-9d50-bade7e2a71c7,CUST-0013742,DL-1635-20260403-MCI-MSP,not-a-date,DL,MCI,MSP,MCI-MSP,2026-03-16 02:35:00,mobile_app,NEW,120.74,USD,CONFIRMED,PAID,false,2026-03-16 02:35:00,2026-03-16 07:35:00
49941,BKG-EE27733E-EC92-55D7-B78F-3C3C28F9A5C9,Invalid ticket_price,BKG-ee27733e-ec92-55d7-b78f-3c3c28f9a5c9,CUST-0001982,DL-1635-20260414-MCI-MSP,2026-04-14,DL,MCI, MSP ,MCI- MSP ,2026-01-29 22:53:00,CALL_CENTER,LOYALTY,not-a-number,USD,CONFIRMED,PAID,false,2026-01-29 22:53:00,2026-01-30 23:53:00
50344,BKG-515E229D-967B-52A5-A514-2840E7DC5C0A,Invalid ticket_price,BKG-515e229d-967b-52a5-a514-2840e7dc5c0a,CUST-0018226,DL-1635-20260417-MCI-MSP,2026-04-17,DL,MCI,MSP,MCI-MSP,2026-03-10 08:17:00,CALL_CENTER,RETURNING,not-a-number,USD,CONFIRMED,REFUNDED,true,2026-03-10 08:17:00,2026-03-11 00:17:00
50708,BKG-0ED04F58-69EC-52A7-AACF-2D6C89119A4C,Invalid ticket_price,BKG-0ed04f58-69ec-52a7-aacf-2d6c89119a4c,CUST-0015891,DL-1635-20260421-MCI-MSP,2026-04-21,DL,MCI, MSP ,MCI- MSP ,2026-01-25 20:04:00,WEB,LOYALTY,not-a-number,USD,CONFIRMED,PAID,false,2026-01-25 20:04:00,2026-01-28 17:04:00
50764,BKG-3D4A83AF-D909-59AC-A7EE-94F38D2A4DD6,Invalid ticket_price,BKG-3d4a83af-d909-59ac-a7ee-94f38d2a4dd6,CUST-0014433,DL-1635-20260421-MCI-MSP,2026-04-21,DL,MCI,MSP,MCI-MSP,2026-03-20 21:04:00,WEB,RETURNING,not-a-number,USD,CONFIRMED,PAID,false,2026-03-20 21:04:00,2026-03-22 20:04:00
51373,row-51373,Missing booking_id,,CUST-0013160,DL-1635-20260428-MCI-MSP,2026-04-28,DL,MCI,msp,MCI-msp,2026-02-05 21:00:00,MOBILE_APP,NEW,92.05,USD,CONFIRMED,PAID,false,2026-02-05 21:00:00,2026-02-06 15:00:00
51405,row-51405,Missing booking_id,,CUST-0009714,DL-1635-20260428-MCI-MSP,2026-04-28,DL,MCI,MSP,MCI-MSP,2026-02-10 14:29:00,MOBILE_APP,RETURNING,132.2,USD,CONFIRMED,PAID,false,2026-02-10 14:29:00,2026-02-11 18:29:00
52173,BKG-15E495AF-C823-59DC-9731-2036E66B4E9B,Invalid flight_date,BKG-15e495af-c823-59dc-9731-2036e66b4e9b,CUST-0000259,DL-1636-20260405-JFK-TPA,not-a-date,DL,JFK,TPA,JFK-TPA,2026-02-20 12:40:00,MOBILE_APP,LOYALTY,299.16,USD,CONFIRMED,PAID,false,2026-02-20 12:40:00,2026-02-20 12:40:00
52207,BKG-544DB833-1435-5B52-97FE-EE9B18C67AEB,Invalid ticket_price,BKG-544db833-1435-5b52-97fe-ee9b18c67aeb,CUST-0012034,DL-1636-20260405-JFK-TPA,2026-04-05,DL,JFK,TPA,JFK-TPA,2026-02-08 06:29:00,MOBILE_APP,RETURNING,not-a-number,USD,CONFIRMED,PAID,false,2026-02-08 06:29:00,2026-02-09 13:29:00
52729,row-52729,Missing booking_id,,CUST-0005491,DL-1636-20260411-JFK-TPA,2026-04-11,DL,JFK,TPA,JFK-TPA,2026-02-01 01:26:00,MOBILE_APP,NEW,276.44,USD,CONFIRMED,PAID,false,2026-02-01 01:26:00,2026-02-02 19:26:00
53262,BKG-365CAF88-CE0E-5F6C-B7B7-4ED13C11CC21,Invalid ticket_price,BKG-365caf88-ce0e-5f6c-b7b7-4ed13c11cc21,CUST-0018656,DL-1636-20260415-JFK-TPA,2026-04-15,DL,JFK,TPA,JFK-TPA,2026-03-25 18:50:00,WEB,NEW,not-a-number,USD,CONFIRMED,PAID,false,2026-03-25 18:50:00,2026-03-26 02:50:00
53711,row-53711,Missing booking_id,,CUST-0017515,DL-1636-20260420-JFK-TPA,2026-04-20,DL,JFK,TPA,JFK-TPA,2026-03-17 18:48:00,MOBILE_APP,LOYALTY,238.86,USD,CONFIRMED,FAILED,false,2026-03-17 18:48:00,2026-03-20 09:48:00
53843,BKG-C3C66F3B-F8B7-530A-84BF-2A6079A1717E,Invalid ticket_price,BKG-c3c66f3b-f8b7-530a-84bf-2a6079a1717e,CUST-0004619,DL-1636-20260422-JFK-TPA,2026-04-22,DL,JFK,TPA,JFK-TPA,2026-04-08 09:33:00,MOBILE_APP,NEW,not-a-number,USD,CONFIRMED,PAID,false,2026-04-08 09:33:00,2026-04-08 21:33:00
54280,BKG-E8D04F7B-8A64-58D2-9CB9-A40B67282C1C,Invalid ticket_price,BKG-e8d04f7b-8a64-58d2-9cb9-a40b67282c1c,CUST-0012633,DL-1636-20260425-JFK-TPA,2026-04-25,DL,JFK,TPA,JFK-TPA,2026-02-14 01:09:00,AGENCY,LOYALTY,not-a-number,USD,CONFIRMED,SETTLED,false,2026-02-14 01:09:00,2026-02-17 00:09:00
55106,row-55106,Missing booking_id,,CUST-0009293,DL-1637-20260402-ATL-ICT,2026-04-02,DL,ATL,ICT,ATL-ICT,2026-01-21 07:54:00,WEB,NEW,209.3,USD,CONFIRMED,PAID,false,2026-01-21 07:54:00,2026-01-24 06:54:00
55128,BKG-ADBCFAC4-569B-5454-B23D-6E5E9F611555,Invalid flight_date,BKG-adbcfac4-569b-5454-b23d-6e5e9f611555,CUST-0008278,DL-1637-20260402-ATL-ICT,not-a-date,DL,ATL,ICT,ATL-ICT,2026-03-11 22:54:00,WEB,LOYALTY,187.25,USD,Booked,PAID,false,2026-03-11 22:54:00,2026-03-11 22:54:00
55313,BKG-F6889597-1798-54A7-9238-ED37A30951B0,Invalid flight_date,BKG-f6889597-1798-54a7-9238-ed37a30951b0,CUST-0006479,DL-1637-20260402-ICT-ATL,not-a-date,DL,ICT,ATL-T1,ICT-ATL-T1,2026-01-22 00:53:00,AGENCY,New,189.45,USD,PENDING,PAID,false,2026-01-22 00:53:00,2026-01-22 19:53:00
55619,BKG-98835665-602A-5C0F-AC4F-A3E4FA92FEC7,Invalid flight_date,BKG-98835665-602a-5c0f-ac4f-a3e4fa92fec7,CUST-0006694,DL-1637-20260403-ICT-ATL,not-a-date,DL,ICT-T1,ATL,ICT-T1-ATL,2026-01-17 23:06:00,WEB,LOYALTY,141.76,USD,PENDING,PAID,false,2026-01-17 23:06:00,2026-01-18 20:06:00
55707,row-55707,Missing booking_id,,CUST-0011881,DL-1637-20260404-ATL-ICT,2026-04-04,DL,ATL,ICT,ATL-ICT,2026-02-27 16:40:00,WEB,BUSINESS,161.55,USD,CONFIRMED,FAILED,false,2026-02-27 16:40:00,2026-03-01 17:40:00
55885,BKG-03D51E59-9205-5969-8BF7-81DABDA27284,Invalid flight_date,BKG-03d51e59-9205-5969-8bf7-81dabda27284,CUST-0017948,DL-1637-20260404-ICT-ATL,not-a-date,DL,ICT,atl,ICT-atl,2026-02-03 22:50:00,MOBILE_APP,RETURNING,158.99,USD,CONFIRMED,PAID,false,2026-02-03 22:50:00,2026-02-04 08:50:00
56000,BKG-16A3D226-0F8E-53CC-A478-8438FB90DA9E,Invalid flight_date,BKG-16a3d226-0f8e-53cc-a478-8438fb90da9e,CUST-0017477,DL-1637-20260405-ATL-ICT,not-a-date,DL,ATL,ICT,ATL-ICT,2026-01-22 01:02:00,WEB,BUSINESS,202.04,USD,CONFIRMED,PAID,false,2026-01-22 01:02:00,2026-01-24 23:02:00
56456,BKG-DC7E1B69-7D69-5CDD-BE69-E44639687491,Invalid flight_date,BKG-dc7e1b69-7d69-5cdd-be69-e44639687491,CUST-0001212,DL-1637-20260407-ICT-ATL,not-a-date,DL,ICT,ATL,ICT-ATL,2026-01-17 19:17:00,WEB,NEW,249.13,USD,CONFIRMED,PAID,false,2026-01-17 19:17:00,2026-01-19 13:17:00
57470,BKG-90A38817-7F7E-59D4-9E7A-F3E5B4709A19,Invalid ticket_price,BKG-90a38817-7f7e-59d4-9e7a-f3e5b4709a19,CUST-0014729,DL-1637-20260411-ATL-ICT,2026-04-11,DL,ATL,ICT,ATL-ICT,2026-03-25 07:13:00,WEB,NEW,not-a-number,USD,CONFIRMED,PAID,false,2026-03-25 07:13:00,2026-03-26 21:13:00
57588,BKG-DB171B83-176F-554A-B202-C8C63DC716FC,Invalid ticket_price,BKG-db171b83-176f-554a-b202-c8c63dc716fc,CUST-0012474,DL-1637-20260411-ATL-ICT,2026-04-11,DL,ATL,ICT,ATL-ICT,2026-04-04 17:32:00,WEB,LOYALTY,not-a-number,usd,CONFIRMED,PAID,false,2026-04-04 17:32:00,2026-04-07 03:32:00
57948,row-57948,Missing booking_id,,CUST-0008257,DL-1637-20260413-ATL-ICT,2026-04-13,DL,ATL,ICT,ATL-ICT,2026-03-16 16:01:00,WEB,RETURNING,232.0,USD,CONFIRMED,SETTLED,false,2026-03-16 16:01:00,2026-03-19 05:01:00
58058,BKG-A2CEB3B0-8006-5FB8-88CB-A131B23B74C1,Invalid flight_date,BKG-a2ceb3b0-8006-5fb8-88cb-a131b23b74c1,CUST-0018481,DL-1637-20260413-ATL-ICT,not-a-date,DL,ATL,ICT,ATL-ICT,2026-02-12 20:58:00,MOBILE_APP,BUSINESS,243.18,USD,CONFIRMED,FAILED,false,2026-02-12 20:58:00,2026-02-13 10:58:00
58836,row-58836,Missing booking_id,,CUST-0004688,DL-1637-20260416-ICT-ATL,2026-04-16,Dl,ICT,ATL,ICT-ATL,2026-01-21 12:09:00,WEB,RETURNING,149.03,USD,CONFIRMED,PAID,false,2026-01-21 12:09:00,2026-01-23 08:09:00
59017,BKG-BD043CB6-7DE5-58FF-A979-A550BB1C186B,Invalid flight_date,BKG-bd043cb6-7de5-58ff-a979-a550bb1c186b,CUST-0007111,DL-1637-20260417-ICT-ATL,not-a-date,DL,ICT, ATL ,ICT- ATL ,2026-04-11 08:13:00,CALL_CENTER,LOYALTY,147.05,USD, complete ,PAID,false,2026-04-11 08:13:00,2026-04-12 03:13:00
59474,row-59474,Missing booking_id,,CUST-0006263,DL-1637-20260420-ATL-ICT,2026-04-20,DL,ATL,ICT,ATL-ICT,2026-01-19 08:28:00,AGENCY,RETURNING,224.63,USD,CONFIRMED,PAID,false,2026-01-19 08:28:00,2026-01-19 10:28:00
59660,BKG-B2DDFAA5-EFA7-5D0A-BB68-64970457C15E,Invalid flight_date,BKG-b2ddfaa5-efa7-5d0a-bb68-64970457c15e,CUST-0014041,DL-1637-20260421-ICT-ATL,not-a-date,DL,ICT,ATL,ICT-ATL,2026-03-25 17:14:00,Web,RETURNING,135.44,USD,CONFIRMED,FAILED,false,2026-03-25 17:14:00,2026-03-27 13:14:00
59668,BKG-4C0F9196-27F5-5BC7-AD71-F1F2003AE3B8,Invalid flight_date,BKG-4c0f9196-27f5-5bc7-ad71-f1f2003ae3b8,CUST-0004213,DL-1637-20260421-ICT-ATL,not-a-date,DL,ICT,ATL,ICT-ATL,2026-03-09 21:32:00,MOBILE_APP,RETURNING,227.09,USD,CONFIRMED,PAID,false,2026-03-09 21:32:00,2026-03-11 16:32:00
59933,row-59933,Missing booking_id,,CUST-0009979,DL-1637-20260423-ATL-ICT,2026-04-23,DL,ATL,ICT,ATL-ICT,2026-03-09 22:09:00,WEB,RETURNING,157.76,USD,CONFIRMED,PAID,false,2026-03-09 22:09:00,2026-03-12 15:09:00
60004,BKG-009D82F5-56DB-5D4B-B0A3-A6C255DBC14D,Invalid flight_date,BKG-009d82f5-56db-5d4b-b0a3-a6c255dbc14d,CUST-0012553,DL-1637-20260423-ATL-ICT,not-a-date,DL,ATL,ICT,ATL-ICT,2026-02-03 19:02:00,CALL_CENTER,LOYALTY,159.66,USD,CONF,PAID,false,2026-02-03 19:02:00,2026-02-06 15:02:00
60033,BKG-55DF7C1A-FDD5-5265-9049-99E01482078D,Invalid ticket_price,BKG-55df7c1a-fdd5-5265-9049-99e01482078d,CUST-0014446,DL-1637-20260423-ATL-ICT,2026-04-23,DL,ATL,ICT,ATL-ICT,2026-03-20 16:24:00,MOBILE_APP,New,not-a-number,USD,CONFIRMED,PAID,false,2026-03-20 16:24:00,2026-03-22 10:24:00
60215,BKG-74A2A733-28C0-5914-8669-8640D5F072E4,Invalid ticket_price,BKG-74a2a733-28c0-5914-8669-8640d5f072e4,CUST-0000402,DL-1637-20260423-ICT-ATL,2026-04-23,DL,ICT,atl,ICT-atl,2026-04-07 12:36:00,AGENCY,RETURNING,not-a-number,USD,CONFIRMED,PAID,false,2026-04-07 12:36:00,2026-04-08 23:36:00
60350,BKG-49548E22-6231-50BE-A8EF-9D064B720FC7,Invalid flight_date,BKG-49548e22-6231-50be-a8ef-9d064b720fc7,CUST-0004513,DL-1637-20260424-ICT-ATL,not-a-date,DL,ICT,ATL,ICT-ATL,2026-04-07 20:08:00,WEB,LOYALTY,194.33,USD,CONFIRMED,FAILED,false,2026-04-07 20:08:00,2026-04-09 00:08:00
61525,BKG-1341D780-4ED4-5268-A797-17D5D371563C,Invalid ticket_price,BKG-1341d780-4ed4-5268-a797-17d5d371563c,CUST-0000413,DL-1637-20260430-ICT-ATL,2026-04-30,DL,ICT,ATL,ICT-ATL,2026-02-06 21:20:00,AGENCY,BUSINESS,not-a-number,USD,CONFIRMED,PAID,false,2026-02-06 21:20:00,2026-02-09 05:20:00
62736,BKG-937DE5DE-9576-5E3F-83E6-9C33CD7E43DE,Invalid ticket_price,BKG-937de5de-9576-5e3f-83e6-9c33cd7e43de,CUST-0016637,DL-1638-20260405-PBI-JFK,2026-04-05,DL,PBI-T1,JFK,PBI-T1-JFK,2026-03-11 10:52:00,WEB,RETURNING,not-a-number,USD,CONFIRMED,PAID,false,2026-03-11 10:52:00,2026-03-14 04:52:00
63980,BKG-1B10244C-A8C9-577C-B4D3-A334645C286A,Invalid ticket_price,BKG-1b10244c-a8c9-577c-b4d3-a334645c286a,CUST-0014019,DL-1638-20260410-PBI-JFK,2026-04-10,DL,PBI,JFK,PBI-JFK,2026-02-23 06:53:00,MOBILE_APP,LOYALTY,not-a-number,USD,CONFIRMED,PAID,false,2026-02-23 06:53:00,2026-02-24 07:53:00
64225,row-64225,Missing booking_id,,CUST-0008183,DL-1638-20260411-PBI-JFK,2026-04-11,DL,PBI,JFK,PBI-JFK,2026-02-08 07:45:00,MOBILE_APP,RETURNING,219.35,USD,cancelled,REFUNDED,true,2026-02-08 07:45:00,2026-02-10 06:45:00
64243,BKG-81351685-AF8E-5692-A2D5-52498E58DD30,Invalid flight_date,BKG-81351685-af8e-5692-a2d5-52498e58dd30,CUST-0002552,DL-1638-20260411-PBI-JFK,not-a-date,DL,PBI,JFK,PBI-JFK,2026-02-19 21:45:00,WEB,NEW,172.53,USD,CONFIRMED,PAID,false,2026-02-19 21:45:00,2026-02-20 21:45:00
65106,row-65106,Missing booking_id,,CUST-0001121,DL-1638-20260417-JFK-PBI,2026-04-17,DL,JFK,PBI,JFK-PBI,2026-04-12 16:36:00,WEB,RETURNING,247.41,USD,PENDING,PAID,false,2026-04-12 16:36:00,2026-04-13 00:36:00
65276,BKG-318CAA91-D8A2-531A-881E-86B36DE5EF85,Invalid ticket_price,BKG-318caa91-d8a2-531a-881e-86b36de5ef85,CUST-0012001,DL-1638-20260418-JFK-PBI,2026-04-18,DL,JFK,PBI,JFK-PBI,2026-03-24 19:29:00,WEB,NEW,not-a-number,USD,PENDING,PAID,false,2026-03-24 19:29:00,2026-03-26 17:29:00
65494,BKG-495CEF64-A6C5-5928-AC70-2367F50EB9E8,Invalid flight_date,BKG-495cef64-a6c5-5928-ac70-2367f50eb9e8,CUST-0003358,DL-1638-20260420-JFK-PBI,not-a-date,DL,JFK, PBI ,JFK- PBI ,2026-02-27 16:24:00,WEB,NEW,226.65,USD,CONFIRMED,PAID,false,2026-02-27 16:24:00,2026-03-01 14:24:00
65691,BKG-0A3C8CF5-EDD9-587B-B554-8EDB9ACF8091,Invalid flight_date,BKG-0a3c8cf5-edd9-587b-b554-8edb9acf8091,CUST-0003079,DL-1638-20260421-JFK-PBI,not-a-date,DL,JFK,PBI,JFK-PBI,2026-01-28 10:26:00,CALL_CENTER,RETURNING,230.57,USD,CONFIRMED,PAID,false,2026-01-28 10:26:00,2026-01-28 19:26:00
65723,BKG-5ACF0753-711D-5375-B830-9DB1DC6915A8,Invalid flight_date,BKG-5acf0753-711d-5375-b830-9db1dc6915a8,CUST-0007598,DL-1638-20260422-JFK-PBI,not-a-date,DL,JFK,PBI,JFK-PBI,2026-02-04 10:10:00,CALL_CENTER, LOYALTY ,250.51,usd,CONFIRMED,PAID,false,2026-02-04 10:10:00,2026-02-06 13:10:00
65749,BKG-046CFDD1-C5E8-5088-AE66-A42ED4F3A1B3,Invalid flight_date,BKG-046cfdd1-c5e8-5088-ae66-a42ed4f3a1b3,CUST-0014805,DL-1638-20260422-JFK-PBI,not-a-date,DL,JFK,PBI,JFK-PBI,2026-03-18 21:15:00,MOBILE_APP,RETURNING,276.81,USD,CONFIRMED,PAID,false,2026-03-18 21:15:00,2026-03-19 14:15:00
65771,BKG-7FE20EB9-B157-5FD4-8314-429A61AF0B84,Invalid ticket_price,Bkg-7Fe20Eb9-B157-5Fd4-8314-429A61Af0B84,CUST-0017575,DL-1638-20260423-JFK-PBI,2026-04-23,DL,JFK,PBI,JFK-PBI,2026-03-31 02:35:00,WEB,Returning,not-a-number,USD,PENDING,PAID,false,2026-03-31 02:35:00,2026-04-02 15:35:00
65772,BKG-7FE20EB9-B157-5FD4-8314-429A61AF0B84,Invalid ticket_price,Bkg-7Fe20Eb9-B157-5Fd4-8314-429A61Af0B84,CUST-0017575,DL-1638-20260423-JFK-PBI,2026-04-23,DL,JFK,PBI,JFK-PBI,2026-03-31 02:35:00,WEB,Returning,not-a-number,USD,pending,PAID,false,2026-03-31 02:35:00,2026-04-03 02:35:00
65803,BKG-D985F2EA-455F-517A-828A-2A8941F48BB8,Invalid flight_date,BKG-d985f2ea-455f-517a-828a-2a8941f48bb8,CUST-0002129,DL-1638-20260423-JFK-PBI,not-a-date,DL,JFK,PBI,JFK-PBI,2026-04-04 05:18:00,WEB,LOYALTY,292.8,USD,CONFIRMED,PAID,false,2026-04-04 05:18:00,2026-04-06 15:18:00
65932,BKG-50A3E5D9-085E-57B8-83A7-348F5C64B43A,Invalid flight_date,BKG-50a3e5d9-085e-57b8-83a7-348f5c64b43a,CUST-0002552,DL-1638-20260423-JFK-PBI,not-a-date,DL,JFK,PBI,JFK-PBI,2026-03-14 02:13:00,MOBILE_APP,NEW,168.28,USD,CONFIRMED,PAID,false,2026-03-14 02:13:00,2026-03-15 22:13:00
67039,row-67039,Missing booking_id,,CUST-0011559,DL-1639-20260401-CLT-DTW,2026-04-01,DL,CLT,DTW,CLT-DTW,2026-03-04 15:39:00,MOBILE_APP,RETURNING,148.35,USD,CONFIRMED,PAID,false,2026-03-04 15:39:00,2026-03-06 22:39:00
67164,BKG-A683452C-39F1-513D-A241-8B3F814EB084,Invalid ticket_price,BKG-a683452c-39f1-513d-a241-8b3f814eb084,CUST-0019026,DL-1639-20260403-CLT-DTW,2026-04-03,DL, CLT ,DTW, CLT -DTW,2026-03-19 16:23:00,CALL_CENTER,RETURNING,not-a-number,USD,CONFIRMED, paid ,false,2026-03-19 16:23:00,2026-03-20 09:23:00
67368,BKG-43C52A0B-E6A7-5977-AF13-D10B9B346929,Invalid flight_date,BKG-43c52a0b-e6a7-5977-af13-d10b9b346929,CUST-0018590,DL-1639-20260405-CLT-DTW,not-a-date,DL,CLT,DTW,CLT-DTW,2026-01-15 06:41:00,MOBILE_APP,RETURNING,143.16,USD,CONFIRMED,ERROR,false,2026-01-15 06:41:00,2026-01-16 20:41:00
67370,row-67370,Missing booking_id,,CUST-0017599,DL-1639-20260405-CLT-DTW,2026-04-05,DL,CLT,DTW,CLT-DTW,2026-03-22 11:42:00,WEB,LOYALTY,71.56,USD,PENDING,PAID,false,2026-03-22 11:42:00,2026-03-25 04:42:00
67826,BKG-5253F936-F5B1-5D4F-8BF9-0EBC8487AD2E,Invalid ticket_price,BKG-5253f936-f5b1-5d4f-8bf9-0ebc8487ad2e,CUST-0017719,DL-1639-20260412-CLT-DTW,2026-04-12,DL,CLT,DTW,CLT-DTW,2026-01-19 11:53:00,WEB,RETURNING,not-a-number,USD,CONFIRMED,PAID,false,2026-01-19 11:53:00,2026-01-20 14:53:00
68453,BKG-7036FA27-C6DF-5B86-8516-F5EF719103C3,Invalid flight_date,BKG-7036fa27-c6df-5b86-8516-f5ef719103c3,CUST-0004673,DL-1639-20260420-CLT-DTW,not-a-date,DL,CLT,DTW,CLT-DTW,2026-03-01 08:22:00,MOBILE_APP,LOYALTY,126.8,USD,CONFIRMED,PAID,false,2026-03-01 08:22:00,2026-03-04 02:22:00
68683,BKG-5A69D485-A2C2-5BDD-8F33-565CABF2F151,Invalid ticket_price,BKG-5a69d485-a2c2-5bdd-8f33-565cabf2f151,,DL-1639-20260422-CLT-DTW,2026-04-22,DL,CLT,DTW,CLT-DTW,2026-04-08 10:12:00,AGENCY,RETURNING,not-a-number,USD,CONFIRMED,PAID,false,2026-04-08 10:12:00,2026-04-10 12:12:00
68808,BKG-CC801223-FCF6-5BB4-A6D5-E71B65F30B67,Invalid ticket_price,BKG-cc801223-fcf6-5bb4-a6d5-e71b65f30b67,CUST-0018230,DL-1639-20260424-CLT-DTW,2026-04-24,DL,CLT,DTW,CLT-DTW,2026-02-11 14:04:00,WEB,NEW,not-a-number,USD,PENDING,PAID,false,2026-02-11 14:04:00,2026-02-13 21:04:00
69176,BKG-4E0AFA27-6251-528F-9EF5-E9CA4B322120,Invalid flight_date,BKG-4e0afa27-6251-528f-9ef5-e9ca4b322120,CUST-0000072,DL-1639-20260427-CLT-DTW,not-a-date,DL,CLT,DTW,CLT-DTW,2026-01-30 22:20:00,WEB,LOYALTY,163.37,USD,CONFIRMED,PAID,false,2026-01-30 22:20:00,2026-02-02 15:20:00
69482,row-69482,Missing booking_id,,CUST-0013017,DL-1639-20260430-CLT-DTW,2026-04-30,DL,CLT,DTW,CLT-DTW,2026-01-29 08:04:00,MOBILE_APP,RETURNING,138.22,USD,CONFIRMED,PAID,false,2026-01-29 08:04:00,2026-01-30 00:04:00
69692,row-69692,Missing booking_id,,CUST-0014898,DL-1640-20260401-PNS-ATL,2026-04-01,DL,PNS,ATL,PNS-ATL,2026-02-26 06:50:00,MOBILE_APP,NEW,81.75,USD,CONFIRMED,PAID,false,2026-02-26 06:50:00,2026-02-28 19:50:00
70085,BKG-8B1B56D2-5389-5726-A367-919BD2681925,Invalid flight_date,BKG-8b1b56d2-5389-5726-a367-919bd2681925,CUST-0007106,DL-1640-20260403-ATL-PNS,not-a-date,DL,ATL,PNS,ATL-PNS,2026-01-20 07:35:00,MOBILE_APP,RETURNING,82.16,USD,CONFIRMED,PAID,false,2026-01-20 07:35:00,2026-01-22 11:35:00
70125,BKG-F3B4BC27-69E1-54F3-93E2-541346A8B395,Invalid ticket_price,BKG-f3b4bc27-69e1-54f3-93e2-541346a8b395,CUST-0018511,DL-1640-20260403-PNS-ATL,2026-04-03,DL,PNS,ATL,PNS-ATL,2026-03-04 01:33:00,CALL_CENTER,RETURNING,not-a-number,USD,CONFIRMED,PAID,false,2026-03-04 01:33:00,2026-03-05 23:33:00
70382,BKG-4CEFC0AE-C8AD-511F-B314-150935B56191,Invalid ticket_price,BKG-4cefc0ae-c8ad-511f-b314-150935b56191,CUST-0017914,DL-1640-20260404-PNS-ATL,2026-04-04,DL,PNS,ATL,PNS-ATL,2026-03-05 08:38:00,WEB,NEW,not-a-number,USD,CONFIRMED,PAID,false,2026-03-05 08:38:00,2026-03-06 01:38:00
70457,row-70457,Missing booking_id,,CUST-0016017,DL-1640-20260405-PNS-ATL,2026-04-05,DL,PNS,ATL,PNS-ATL,2026-03-05 08:18:00,CALL_CENTER,RETURNING,101.73,USD,CONFIRMED,PAID,false,2026-03-05 08:18:00,2026-03-06 16:18:00
70545,row-70545,Missing booking_id,,CUST-0006694,DL-1640-20260406-ATL-PNS,2026-04-06,DL,ATL,PNS,ATL-PNS,2026-04-01 07:09:00,MOBILE_APP,RETURNING,105.21,USD,CONFIRMED,SETTLED,false,2026-04-01 07:09:00,2026-04-02 07:09:00
70710,BKG-B6C921BD-DF32-54B8-9007-A6E2698DB7AF,Invalid ticket_price,BKG-b6c921bd-df32-54b8-9007-a6e2698db7af,CUST-0006694,DL-1640-20260407-PNS-ATL,2026-04-07,DL,PNS,ATL,PNS-ATL,2026-02-06 05:42:00,WEB,BUSINESS,not-a-number,USD,CONFIRMED,PAID,false,2026-02-06 05:42:00,2026-02-07 15:42:00
70819,BKG-8EBC1724-5138-52CC-ABEB-ED718FA62DE9,Invalid flight_date,BKG-8ebc1724-5138-52cc-abeb-ed718fa62de9,CUST-0006410,DL-1640-20260408-ATL-PNS,not-a-date,DL,ATL,PNS,ATL-PNS,2026-03-21 20:07:00,CALL_CENTER,RETURNING,136.48,USD,CONFIRMED,PAID,false,2026-03-21 20:07:00,2026-03-23 12:07:00
70844,BKG-18859B1C-D267-51FE-BCF3-4D31900172B2,Invalid flight_date,BKG-18859b1c-d267-51fe-bcf3-4d31900172b2,CUST-0005962,DL-1640-20260408-ATL-PNS,not-a-date,DL,ATL,PNS,ATL-PNS,2026-01-14 05:56:00,WEB,RETURNING,80.09,USD,confirmed,PAID,false,2026-01-14 05:56:00,2026-01-16 08:56:00
71164,BKG-BC9F2057-9A1F-5C93-815C-EBE2CE8335DB,Invalid flight_date,BKG-bc9f2057-9a1f-5c93-815c-ebe2ce8335db,CUST-0002497,DL-1640-20260410-ATL-PNS,not-a-date,DL,ATL,PNS,ATL-PNS,2026-01-15 20:05:00,WEB,LOYALTY,81.85,USD,CONFIRMED,PAID,false,2026-01-15 20:05:00,2026-01-16 01:05:00
71174,BKG-84FE6464-9B86-5E5A-989D-83430E058659,Invalid flight_date,BKG-84fe6464-9b86-5e5a-989d-83430e058659,CUST-0008089,DL-1640-20260410-ATL-PNS,not-a-date,DL,ATL,PNS,ATL-PNS,2026-03-22 18:21:00,MOBILE_APP,LOYALTY,123.13,USD,CONFIRMED,PAID,false,2026-03-22 18:21:00,2026-03-23 18:21:00
71376,BKG-1DD24E7E-D591-50C3-941D-47F7C8DBB0C8,Invalid flight_date,BKG-1dd24e7e-d591-50c3-941d-47f7c8dbb0c8,CUST-0009105,DL-1640-20260411-ATL-PNS,not-a-date,DL,ATL,PNS,ATL-PNS,2026-03-07 15:02:00,mobile_app,BUSINESS,113.22,USD,PENDING,PAID,false,2026-03-07 15:02:00,2026-03-08 22:02:00
71715,BKG-73423549-8625-5CCD-8751-F2A3808CCD98,Invalid ticket_price,BKG-73423549-8625-5ccd-8751-f2a3808ccd98,CUST-0018300,DL-1640-20260413-ATL-PNS,2026-04-13,DL,ATL,PNS,ATL-PNS,2026-02-16 21:14:00,MOBILE APP,LOYALTY,not-a-number,USD,CONFIRMED,PAID,false,2026-02-16 21:14:00,2026-02-17 04:14:00
72794,row-72794,Missing booking_id,,CUST-0017798,DL-1640-20260419-ATL-PNS,2026-04-19,DL,ATL,PNS,ATL-PNS,2026-04-13 03:55:00,WEB,LOYALTY,131.31,USD,Booked,PAID,false,2026-04-13 03:55:00,2026-04-13 11:55:00
72948,BKG-3EEFA62B-5CD6-55CB-A3B0-FF18FB608985,Invalid flight_date,BKG-3eefa62b-5cd6-55cb-a3b0-ff18fb608985,CUST-0002308,DL-1640-20260419-PNS-ATL,not-a-date,DL,PNS-T1,ATL,PNS-T1-ATL,2026-01-22 08:53:00,MOBILE_APP,RETURNING,112.54,USD,CANCELLED,PAID,false,2026-01-22 08:53:00,2026-01-22 16:53:00
72968,BKG-FAD8D631-E1C4-5520-8F8C-C84962B918C7,Invalid ticket_price,BKG-fad8d631-e1c4-5520-8f8c-c84962b918c7,CUST-0013385,DL-1640-20260419-PNS-ATL,2026-04-19,DL,PNS,ATL,PNS-ATL,2026-03-08 16:25:00,WEB,LOYALTY,not-a-number,USD,CONFIRMED,PAID,false,2026-03-08 16:25:00,2026-03-11 00:25:00
73171,row-73171,Missing booking_id,,CUST-0014762,DL-1640-20260421-ATL-PNS,2026-04-21,DL,ATL,pns,ATL-pns,2026-03-19 22:33:00,WEB,NEW,114.97,USD,CONFIRMED,PAID,false,2026-03-19 22:33:00,2026-03-20 09:33:00
73172,row-73172,Missing booking_id,,CUST-0014762,DL-1640-20260421-ATL-PNS,2026-04-21,DL,ATL,pns,ATL-pns,2026-03-19 22:33:00,WEB,NEW,117.47,USD,Confirmed,PAID,false,2026-03-19 22:33:00,2026-03-21 22:33:00
74239,row-74239,Missing booking_id,,CUST-0001665,DL-1640-20260425-PNS-ATL,2026-04-25,DL,PNS,ATL,PNS-ATL,2026-02-02 00:51:00,AGENCY,RETURNING,130.85,USD,CONFIRMED,PAID,false,2026-02-02 00:51:00,2026-02-04 08:51:00
74252,BKG-25BBA945-396A-5BC0-9C27-A2E818E65951,Invalid flight_date,BKG-25bba945-396a-5bc0-9c27-a2e818e65951,CUST-0008256,DL-1640-20260425-PNS-ATL,not-a-date,DL,pns,ATL-T1,pns-ATL-T1,2026-02-26 20:36:00,MOBILE_APP,BUSINESS,118.45,USD,CONFIRMED,PAID,false,2026-02-26 20:36:00,2026-02-28 19:36:00
74302,row-74302,Missing booking_id,,CUST-0004133,DL-1640-20260425-PNS-ATL,2026-04-25,DL,PNS,ATL,PNS-ATL,2026-03-12 04:21:00,MOBILE_APP,RETURNING,64.62,USD,CONFIRMED,PAID,false,2026-03-12 04:21:00,2026-03-12 17:21:00
74415,BKG-6C17080A-7836-59BD-92A8-8BEE3BF27C49,Invalid flight_date,BKG-6c17080a-7836-59bd-92a8-8bee3bf27c49,CUST-0005298,DL-1640-20260426-ATL-PNS,not-a-date,DL,ATL,PNS,ATL-PNS,2026-02-19 19:09:00,MOBILE_APP,RETURNING,93.1,USD,CONFIRMED,PAID,false,2026-02-19 19:09:00,2026-02-22 16:09:00
74545,row-74545,Missing booking_id,,CUST-0003258,DL-1640-20260426-PNS-ATL,2026-04-26,DL,PNS,ATL,PNS-ATL,2026-04-02 13:10:00,CALL_CENTER,BUSINESS,83.92,usd,CONFIRMED,PAID,false,2026-04-02 13:10:00,2026-04-02 19:10:00
75759,BKG-10704EA3-4437-5D47-B03E-7A8BD8024252,Invalid flight_date,BKG-10704ea3-4437-5d47-b03e-7a8bd8024252,CUST-0006729,DL-1641-20260405-EWR-MSP,not-a-date,DL,EWR,MSP,EWR-MSP,2026-03-07 13:44:00,WEB,NEW,246.11,USD,CONFIRMED,FAILED,false,2026-03-07 13:44:00,2026-03-08 19:44:00
75866,row-75866,Missing booking_id,,CUST-0000385,DL-1641-20260405-EWR-MSP,2026-04-05,DL,EWR,MSP,EWR-MSP,2026-02-10 13:54:00,MOBILE_APP,RETURNING,232.17,USD,CONFIRMED,PAID,false,2026-02-10 13:54:00,2026-02-12 08:54:00
76147,BKG-ED447DB9-5093-5AD4-B3F5-FD179949382B,Invalid flight_date, BKG-ed447db9-5093-5ad4-b3f5-fd179949382b ,CUST-0001563,DL-1641-20260409-EWR-MSP,not-a-date,DL,EWR-T1,MSP,EWR-T1-MSP,2026-03-01 12:25:00,MOBILE_APP,RETURNING,257.68,USD,CONFIRMED,PAID,false,2026-03-01 12:25:00,2026-03-03 08:25:00
76210,BKG-D9ACC699-7C24-5CED-B9B0-3C127B15E46F,Invalid ticket_price,BKG-d9acc699-7c24-5ced-b9b0-3c127b15e46f,CUST-0011698,DL-1641-20260409-EWR-MSP,2026-04-09,DL,EWR,MSP,EWR-MSP,2026-03-17 08:27:00,AGENCY,RETURNING,not-a-number,USD,CONFIRMED,PAID,false,2026-03-17 08:27:00,2026-03-18 21:27:00
76373,row-76373,Missing booking_id,,CUST-0010214,DL-1641-20260412-EWR-MSP,2026-04-12,DL,EWR,MSP,EWR-MSP,2026-02-02 10:29:00,MOBILE_APP,RETURNING,245.24,USD,CONFIRMED,PAID,false,2026-02-02 10:29:00,2026-02-02 14:29:00
76448,row-76448,Missing booking_id,,CUST-0007968,DL-1641-20260412-EWR-MSP,2026-04-12,DL,EWR,MSP,EWR-MSP,2026-04-01 00:00:00,WEB,RETURNING,235.57,USD,CONFIRMED,PAID,false,2026-04-01 00:00:00,2026-04-02 22:00:00
76496,BKG-4FE346EB-5847-5848-AC57-AFA673A250A3,Invalid ticket_price,BKG-4fe346eb-5847-5848-ac57-afa673a250a3,CUST-0015140,DL-1641-20260413-EWR-MSP,2026-04-13,DL,EWR,MSP,EWR-MSP,2026-01-28 03:57:00,MOBILE_APP,RETURNING,not-a-number,USD,CONFIRMED,PAID,false,2026-01-28 03:57:00,2026-01-31 03:57:00
76497,BKG-4FE346EB-5847-5848-AC57-AFA673A250A3,Invalid ticket_price,BKG-4fe346eb-5847-5848-ac57-afa673a250a3,CUST-0015140,DL-1641-20260413-EWR-MSP,2026-04-13,DL,EWR,MSP,EWR-MSP,2026-01-28 03:57:00,MOBILE_APP,RETURNING,not-a-number,USD,CONFIRMED,PAID,false,2026-01-28 03:57:00,2026-01-31 20:57:00
78545,BKG-AA5A8DAA-DFFC-53E6-82FA-5B6ADB694334,Invalid flight_date,BKG-aa5a8daa-dffc-53e6-82fa-5b6adb694334,CUST-0009811,DL-1642-20260402-ATL-VPS,not-a-date,DL, ATL ,VPS, ATL -VPS,2026-01-20 15:17:00,WEB,RETURNING,145.22,USD,CONFIRMED,FAILED,false,2026-01-20 15:17:00,2026-01-23 11:17:00
79836,BKG-B589F7D7-7A41-59D1-A12A-936BEFC2F511,Invalid flight_date,BKG-b589f7d7-7a41-59d1-a12a-936befc2f511,CUST-0003879,DL-1642-20260416-ATL-VPS,not-a-date,DL,ATL,VPS,ATL-VPS,2026-04-03 00:22:00,AGENCY,LOYALTY,84.25,USD,CONFIRMED,PAID,false,2026-04-03 00:22:00,2026-04-04 18:22:00
80031,BKG-CBA7ECB4-D0C2-5ED9-BF36-2500992B6B0B,Invalid flight_date,BKG-cba7ecb4-d0c2-5ed9-bf36-2500992b6b0b,CUST-0005901,DL-1642-20260417-ATL-VPS,not-a-date,DL,atl,VPS,atl-VPS,2026-03-02 13:57:00,MOBILE_APP,NEW,104.39,USD,CONFIRMED,PAID,false,2026-03-02 13:57:00,2026-03-04 23:57:00
80694,BKG-FE3A3377-C001-5E76-8DD1-2C1022819BF9,Invalid flight_date,BKG-fe3a3377-c001-5e76-8dd1-2c1022819bf9,CUST-0011105,DL-1642-20260424-ATL-VPS,not-a-date,DL,ATL,VPS,ATL-VPS,2026-03-21 07:54:00,CALL_CENTER,BUSINESS,125.06,USD,CONFIRMED,PAID,false,2026-03-21 07:54:00,2026-03-23 19:54:00
80985,BKG-F0CFF341-2121-5EB0-B42A-FF0AFC75BD83,Invalid ticket_price,BKG-f0cff341-2121-5eb0-b42a-ff0afc75bd83,CUST-0011810,DL-1642-20260426-ATL-VPS,2026-04-26,DL,ATL,VPS,ATL-VPS,2026-03-18 19:31:00,MOBILE_APP,LOYALTY,not-a-number,USD,CONFIRMED,PAID,false,2026-03-18 19:31:00,2026-03-18 19:31:00
81050,row-81050,Missing booking_id,,CUST-0016089,DL-1642-20260427-ATL-VPS,2026-04-27,DL,ATL,VPS,ATL-VPS,2026-02-24 20:19:00,WEB,LOYALTY,119.09,USD,PENDING,PAID,false,2026-02-24 20:19:00,2026-02-26 17:19:00
81507,BKG-F121030C-F3C9-5D10-991E-CE5999257988,Invalid flight_date,BKG-f121030c-f3c9-5d10-991e-ce5999257988,CUST-0002650,DL-1643-20260402-LAS-LAX,not-a-date,DL,LAS,LAX,LAS-LAX,2026-02-28 11:34:00,MOBILE_APP,NEW,87.33,USD,CONFIRMED,FAILED,false,2026-02-28 11:34:00,2026-03-03 08:34:00
82243,BKG-458D6969-05A0-5DBD-908B-DB46B5DB649E,Invalid ticket_price,BKG-458d6969-05a0-5dbd-908b-db46b5db649e,CUST-0004681,DL-1643-20260409-LAS-LAX,2026-04-09,DL,LAS,LAX,LAS-LAX,2026-01-30 18:35:00,WEB,LOYALTY,not-a-number,USD,CONFIRMED,PAID,false,2026-01-30 18:35:00,2026-02-01 07:35:00
82246,BKG-49051901-4CCA-5389-A47A-65EC81F0378E,Invalid flight_date,BKG-49051901-4cca-5389-a47a-65ec81f0378e,CUST-0013756,DL-1643-20260409-LAS-LAX,not-a-date,DL,LAS,LAX,LAS-LAX,2026-03-22 00:45:00,CALL_CENTER,RETURNING,109.58,USD,CONFIRMED,PAID,false,2026-03-22 00:45:00,2026-03-22 20:45:00
82598,row-82598,Missing booking_id,,CUST-0016651,DL-1643-20260412-LAS-LAX,2026-04-12,DL,LAS,LAX,LAS-LAX,2026-02-27 15:17:00,AGENCY,NEW,135.44,USD,CONFIRMED,PAID,false,2026-02-27 15:17:00,2026-03-01 23:17:00
82739,row-82739,Missing booking_id,,CUST-0015654,DL-1643-20260413-JFK-AUS,2026-04-13,DL,JFK,AUS,JFK-AUS,2026-02-02 13:52:00,MOBILE_APP,RETURNING,238.53,USD,CONFIRMED,PAID,false,2026-02-02 13:52:00,2026-02-04 04:52:00
82994,row-82994,Missing booking_id,,CUST-0014092,DL-1643-20260414-JFK-AUS,2026-04-14,DL,JFK,AUS,JFK-AUS,2026-04-03 15:52:00,AGENCY,RETURNING,202.78,USD,CONFIRMED,PAID,false,2026-04-03 15:52:00,2026-04-05 10:52:00
83000,BKG-C8BA4DBB-9DDF-56DB-9C7E-111760C39B18,Invalid ticket_price,BKG-c8ba4dbb-9ddf-56db-9c7e-111760c39b18,CUST-0011225,DL-1643-20260415-JFK-AUS,2026-04-15,DL,JFK,AUS,JFK-AUS,2026-01-27 05:06:00,CALL_CENTER,LOYALTY,not-a-number, USD ,CONF,PAID,false,2026-01-27 05:06:00,2026-01-27 20:06:00
83976,BKG-864FF11D-9828-566F-89F7-0081D9BCB1DB,Invalid flight_date,BKG-864ff11d-9828-566f-89f7-0081d9bcb1db,CUST-0004020,DL-1643-20260427-JFK-AUS,not-a-date,DL,JFK,AUS,JFK-AUS,2026-03-31 20:15:00,Mobile_App,RETURNING,360.61,USD,PENDING,PAID,false,2026-03-31 20:15:00,2026-04-03 01:15:00
84033,BKG-F1A4CD16-5451-5152-88D5-D75FCD46F0FC,Invalid ticket_price,BKG-f1a4cd16-5451-5152-88d5-d75fcd46f0fc,CUST-0010946,DL-1643-20260427-JFK-AUS,2026-04-27,DL,JFK,AUS,JFK-AUS,2026-01-29 22:40:00,MOBILE_APP,NEW,not-a-number,USD,CANCELLED,PAID,false,2026-01-29 22:40:00,2026-01-30 15:40:00
84127,BKG-EF481511-DA0E-5597-943C-9EC9C00A5BA4,Invalid flight_date,BKG-ef481511-da0e-5597-943c-9ec9c00a5ba4,CUST-0002522,DL-1643-20260428-JFK-AUS,not-a-date,DL,JFK,aus,JFK-aus,2026-04-25 21:00:00,AGENCY,LOYALTY,404.73,USD,CONFIRMED,PAID,false,2026-04-25 21:00:00,2026-04-25 21:00:00
84305,BKG-E2519C4F-77D6-56E5-9958-6ACCECB2BE52,Invalid flight_date,BKG-e2519c4f-77d6-56e5-9958-6accecb2be52,CUST-0000376,DL-1643-20260430-JFK-AUS,not-a-date,DL,JFK,AUS,JFK-AUS,2026-04-12 01:45:00,WEB,NEW,292.05,USD,CONFIRMED,PAID,false,2026-04-12 01:45:00,2026-04-14 08:45:00
84648,BKG-699AF7BA-EC43-559E-A15E-F9CE60A7480B,Invalid ticket_price,BKG-699af7ba-ec43-559e-a15e-f9ce60a7480b,CUST-0016081,DL-1644-20260403-CLT-ATL,2026-04-03,DL,clt,ATL,clt-ATL,2026-01-18 12:04:00,AGENCY,RETURNING,not-a-number,USD,CONFIRMED,PAID,false,2026-01-18 12:04:00,2026-01-21 00:04:00
84863,BKG-6A835AC5-BB4E-5F2D-8AD3-0C043E46A461,Invalid flight_date,BKG-6a835ac5-bb4e-5f2d-8ad3-0c043e46a461,CUST-0002132,DL-1644-20260405-CLT-ATL,not-a-date,DL,CLT,ATL,CLT-ATL,2026-02-14 09:43:00,MOBILE_APP,NEW,101.85,USD,CONFIRMED, paid ,false,2026-02-14 09:43:00,2026-02-15 20:43:00
85039,BKG-5EF311AA-F3D7-5BB0-9C02-75AF1C5FA4C8,Invalid ticket_price,BKG-5ef311aa-f3d7-5bb0-9c02-75af1c5fa4c8,CUST-0007392,DL-1644-20260407-CLT-ATL,2026-04-07,DL,CLT,ATL,CLT-ATL,2026-01-19 21:25:00,WEB,RETURNING,not-a-number,USD,CONFIRMED,PAID,false,2026-01-19 21:25:00,2026-01-20 16:25:00
85097,BKG-08A066C6-6EB3-5489-AA93-DBE74FAF8CA8,Invalid flight_date,BKG-08a066c6-6eb3-5489-aa93-dbe74faf8ca8,CUST-0001304,DL-1644-20260408-CLT-ATL,not-a-date,DL,CLT,ATL,CLT-ATL,2026-01-13 07:49:00,MOBILE_APP,LOYALTY,113.31,USD,CONFIRMED,PAID,false,2026-01-13 07:49:00,2026-01-14 08:49:00
85320,BKG-54BD21D7-3D47-5861-B989-A54D763B1E07,Invalid flight_date,BKG-54bd21d7-3d47-5861-b989-a54d763b1e07,CUST-0003919,DL-1644-20260411-CLT-ATL,not-a-date,DL,CLT,ATL,CLT-ATL,2026-04-08 03:22:00,MOBILE_APP,RETURNING,82.55,USD,CONFIRMED,PAID,false,2026-04-08 03:22:00,2026-04-09 17:22:00
85564,row-85564,Missing booking_id,,CUST-0005280,DL-1644-20260413-DTW-DEN,2026-04-13,DL,DTW,DEN,DTW-DEN,2026-01-28 07:41:00,CALL_CENTER,RETURNING,284.19,USD,PENDING,REFUNDED,true,2026-01-28 07:41:00,2026-01-31 03:41:00
85571,BKG-562004F7-2E1F-53F5-8CD6-652AE29067ED,Invalid flight_date,BKG-562004f7-2e1f-53f5-8cd6-652ae29067ed,CUST-0017357,DL-1644-20260413-DTW-DEN,not-a-date,DL,DTW,DEN,DTW-DEN,2026-02-04 10:41:00,MOBILE_APP,NEW,252.12,USD,CONFIRMED,REFUNDED,true,2026-02-04 10:41:00,2026-02-06 10:41:00
85632,BKG-F5D79367-9EBB-5129-8F41-650D401329B1,Invalid flight_date,BKG-f5d79367-9ebb-5129-8f41-650d401329b1,CUST-0015714,DL-1644-20260413-DTW-DEN,not-a-date,DL,DTW,DEN,DTW-DEN,2026-01-24 08:49:00,web,BUSINESS,212.7,USD,CONFIRMED,FAILED,false,2026-01-24 08:49:00,2026-01-24 15:49:00
85902,BKG-A7EC15C9-D6B0-506B-85BC-7E10638B0F48,Invalid ticket_price,BKG-a7ec15c9-d6b0-506b-85bc-7e10638b0f48,CUST-0010712,DL-1644-20260416-DTW-DEN,2026-04-16,DL,DTW,DEN,DTW-DEN,2026-01-22 15:14:00,MOBILE_APP,RETURNING,not-a-number,USD,CONFIRMED,PAID,false,2026-01-22 15:14:00,2026-01-24 12:14:00
85903,BKG-A7EC15C9-D6B0-506B-85BC-7E10638B0F48,Invalid ticket_price,BKG-a7ec15c9-d6b0-506b-85bc-7e10638b0f48,CUST-0010712,DL-1644-20260416-DTW-DEN,2026-04-16,DL,DTW,DEN,DTW-DEN,2026-01-22 15:14:00,MOBILE_APP,RETURNING,not-a-number,USD,confirmed,PAID,false,2026-01-22 15:14:00,2026-01-25 12:14:00
86226,row-86226,Missing booking_id,,CUST-0007736,DL-1644-20260421-DTW-DEN,2026-04-21,DL,dtw,DEN,dtw-DEN,2026-02-14 00:50:00,MOBILE_APP,BUSINESS,192.29,USD,CONFIRMED,PAID,false,2026-02-14 00:50:00,2026-02-13 23:50:00
86370,BKG-DAA92784-8341-5BF7-8532-99EECF08FFB1,Invalid ticket_price,BKG-daa92784-8341-5bf7-8532-99eecf08ffb1,CUST-0001406,DL-1644-20260423-DTW-DEN,2026-04-23,DL,DTW,DEN,DTW-DEN,2026-04-16 00:13:00,CALL_CENTER,RETURNING,not-a-number,USD,CONFIRMED,PAID,false,2026-04-16 00:13:00,2026-04-17 01:13:00
87326,BKG-3FA2C44B-163E-5EB4-A321-B561A3829B7D,Invalid ticket_price,BKG-3fa2c44b-163e-5eb4-a321-b561a3829b7d,CUST-0005557,DL-1645-20260406-PSC-SLC,2026-04-06,DL,PSC, SLC ,PSC- SLC ,2026-02-19 12:41:00,MOBILE_APP,NEW,not-a-number,USD,Booked,PAID,false,2026-02-19 12:41:00,2026-02-20 13:41:00
88115,BKG-64B4D15D-4F23-5B70-AA4E-E237D45D625A,Invalid ticket_price,BKG-64b4d15d-4f23-5b70-aa4e-e237d45d625a,CUST-0012566,DL-1645-20260414-PSC-SLC,2026-04-14,DL,PSC,SLC,PSC-SLC,2026-04-06 08:09:00,MOBILE_APP,RETURNING,not-a-number,USD,CANCELLED,REFUNDED,true,2026-04-06 08:09:00,2026-04-08 20:09:00
88116,BKG-64B4D15D-4F23-5B70-AA4E-E237D45D625A,Invalid ticket_price,BKG-64b4d15d-4f23-5b70-aa4e-e237d45d625a,CUST-0012566,DL-1645-20260414-PSC-SLC,2026-04-14,DL,PSC,SLC,PSC-SLC,2026-04-06 08:09:00,MOBILE_APP,RETURNING,not-a-number,USD, CANCELLED ,REFUNDED,true,2026-04-06 08:09:00,2026-04-10 01:09:00
88263,BKG-12EF0E21-0B76-55F9-92B4-6A11C0013CC0,Invalid flight_date,BKG-12ef0e21-0b76-55f9-92b4-6a11c0013cc0,CUST-0019355,DL-1645-20260415-PSC-SLC,not-a-date,DL,PSC,SLC,PSC-SLC,2026-02-07 15:36:00,CALL_CENTER,RETURNING,102.64,USD,CONFIRMED,REFUNDED,true,2026-02-07 15:36:00,2026-02-10 02:36:00
88623,BKG-1DA5F7AC-C7CD-58DC-ABE4-EFC9BBCE424C,Invalid ticket_price,BKG-1da5f7ac-c7cd-58dc-abe4-efc9bbce424c,CUST-0009377,DL-1645-20260420-PSC-SLC,2026-04-20,DL,PSC,SLC,PSC-SLC,2026-04-13 11:34:00,WEB,NEW,not-a-number,USD,CONFIRMED,PAID,false,2026-04-13 11:34:00,2026-04-13 19:34:00
89294,row-89294,Missing booking_id,,CUST-0000220,DL-1645-20260425-PSC-SLC,2026-04-25,DL,PSC, SLC ,PSC- SLC ,2026-02-08 17:56:00,CALL_CENTER,RETURNING,168.71,USD,CONFIRMED,PAID,false,2026-02-08 17:56:00,2026-02-10 23:56:00
90510,row-90510,Missing booking_id,,CUST-0018022,DL-1646-20260407-ATL-DTW,2026-04-07,DL,ATL,DTW,ATL-DTW,2026-04-04 18:52:00,WEB,NEW,210.49,USD,CONFIRMED,PAID,false,2026-04-04 18:52:00,2026-04-06 04:52:00
90743,row-90743,Missing booking_id,,CUST-0006634,DL-1646-20260409-ATL-DTW,2026-04-09,DL,ATL,DTW,ATL-DTW,2026-03-03 23:17:00,WEB,LOYALTY,157.48,USD, complete ,REFUNDED,true,2026-03-03 23:17:00,2026-03-04 21:17:00
91098,BKG-BDDD1B09-1293-53FB-B100-7DBE7CDEE783,Invalid flight_date,BKG-bddd1b09-1293-53fb-b100-7dbe7cdee783,CUST-0008925,DL-1646-20260412-ATL-DTW,not-a-date,DL,ATL,DTW,ATL-DTW,2026-03-30 19:54:00,WEB,RETURNING,109.33,USD,CONFIRMED,PAID,false,2026-03-30 19:54:00,2026-04-02 17:54:00
91169,BKG-D8E78054-7C90-5455-93D1-35EF5C796A88,Invalid flight_date,BKG-d8e78054-7c90-5455-93d1-35ef5c796a88,CUST-0009988,DL-1646-20260412-ATL-DTW,not-a-date,DL,ATL,DTW,ATL-DTW,2026-01-28 03:11:00,CALL_CENTER,RETURNING,173.64,USD,CONFIRMED,PAID,false,2026-01-28 03:11:00,2026-01-28 22:11:00
91819,row-91819,Missing booking_id,,CUST-0000860,DL-1646-20260419-ATL-DTW,2026-04-19,DL,ATL,DTW,ATL-DTW,2026-03-27 17:37:00,mobile_app,BUSINESS,158.54,USD,CONFIRMED,PAID,false,2026-03-27 17:37:00,2026-03-28 01:37:00
91907,BKG-1A8C11EB-E73F-5ACA-AE6A-235C00B65839,Invalid ticket_price,BKG-1a8c11eb-e73f-5aca-ae6a-235c00b65839,CUST-0012649,DL-1646-20260420-ATL-DTW,2026-04-20,DL,ATL,DTW,ATL-DTW,2026-02-09 07:29:00,WEB,NEW,not-a-number,USD,CONFIRMED,PAID,false,2026-02-09 07:29:00,2026-02-09 06:29:00
91908,BKG-1A8C11EB-E73F-5ACA-AE6A-235C00B65839,Invalid ticket_price,BKG-1a8c11eb-e73f-5aca-ae6a-235c00b65839,CUST-0012649,DL-1646-20260420-ATL-DTW,2026-04-20,DL,ATL,DTW,ATL-DTW,2026-02-09 07:29:00,WEB,NEW,not-a-number,USD,confirmed,PAID,false,2026-02-09 07:29:00,2026-02-11 06:29:00
91941,row-91941,Missing booking_id,,CUST-0003123,DL-1646-20260420-ATL-DTW,2026-04-20,dl,ATL,DTW,ATL-DTW,2026-02-22 17:30:00,WEB,NEW,145.06,USD,CONFIRMED,paid,false,2026-02-22 17:30:00,2026-02-23 05:30:00
91989,row-91989,Missing booking_id,,CUST-0016026,DL-1646-20260420-ATL-DTW,2026-04-20,DL,ATL,DTW,ATL-DTW,2026-03-07 12:56:00,WEB,NEW,123.87,USD,CONFIRMED,PAID,false,2026-03-07 12:56:00,2026-03-08 12:56:00
92713,BKG-CA006F5E-4F87-5863-A9D4-22A0223B472A,Invalid ticket_price,BKG-ca006f5e-4f87-5863-a9d4-22a0223b472a,CUST-0017284,DL-1646-20260427-ATL-DTW,2026-04-27,DL, ATL ,DTW, ATL -DTW,2026-03-08 17:44:00,WEB,LOYALTY,not-a-number,USD,CONFIRMED,PAID,false,2026-03-08 17:44:00,2026-03-09 07:44:00
93829,BKG-AE5C71D4-5111-58B9-AC91-BDD1B9274F47,Invalid flight_date,BKG-ae5c71d4-5111-58b9-ac91-bdd1b9274f47,CUST-0003742,DL-1647-20260409-LAX-SLC,not-a-date,DL,LAX,SLC,LAX-SLC,2026-03-28 18:54:00,WEB,BUSINESS,145.36,USD, complete ,PAID,false,2026-03-28 18:54:00,2026-03-31 13:54:00
93880,row-93880,Missing booking_id,,CUST-0006702,DL-1647-20260410-LAX-SLC,2026-04-10,DL,LAX,SLC,LAX-SLC,2026-03-17 21:56:00,MOBILE_APP, BUSINESS ,176.91,USD,CONFIRMED,PAID,false,2026-03-17 21:56:00,2026-03-17 20:56:00
93881,row-93881,Missing booking_id,,CUST-0006702,DL-1647-20260410-LAX-SLC,2026-04-10,DL,LAX,SLC,LAX-SLC,2026-03-17 21:56:00,MOBILE_APP, BUSINESS ,175.91,USD,Confirmed,PAID,false,2026-03-17 21:56:00,2026-03-17 23:56:00
94539,BKG-B7D9E9B7-97D6-507A-913B-422626A6E0AE,Invalid flight_date,BKG-b7d9e9b7-97d6-507a-913b-422626a6e0ae,CUST-0003548,DL-1647-20260416-LAX-SLC,not-a-date,DL,LAX,SLC,LAX-SLC,2026-02-04 10:35:00,AGENCY,LOYALTY,118.08,USD,CONFIRMED,PAID,false,2026-02-04 10:35:00,2026-02-05 17:35:00
94606,BKG-2D78F767-4055-5C70-AFBB-68C34F8BF4AD,Invalid ticket_price,BKG-2d78f767-4055-5c70-afbb-68c34f8bf4ad,CUST-0008535,DL-1647-20260417-LAX-SLC,2026-04-17,DL,LAX,SLC,LAX-SLC,2026-03-13 00:17:00,agency,RETURNING,not-a-number,USD,CONF,REFUNDED,true,2026-03-13 00:17:00,2026-03-13 06:17:00
94697,BKG-B45F4810-1A2E-5EAD-BDEA-3E8441E976CE,Invalid flight_date,BKG-b45f4810-1a2e-5ead-bdea-3e8441e976ce,CUST-0009075,DL-1647-20260418-LAX-SLC,not-a-date,DL,LAX,SLC,LAX-SLC,2026-03-12 04:29:00,AGENCY,NEW,231.6,USD,CONFIRMED,FAILED,false,2026-03-12 04:29:00,2026-03-15 01:29:00
94779,row-94779,Missing booking_id,,CUST-0005007,DL-1647-20260419-LAX-SLC,2026-04-19,DL,LAX,SLC,LAX-SLC,2026-02-12 06:17:00,WEB,RETURNING,148.08,USD,CONFIRMED,PAID,false,2026-02-12 06:17:00,2026-02-14 21:17:00
94906,row-94906,Missing booking_id,,CUST-0003149,DL-1647-20260420-LAX-SLC,2026-04-20,DL,LAX,SLC,LAX-SLC,2026-01-19 07:34:00,AGENCY,RETURNING,201.34,USD,Booked,PAID,false,2026-01-19 07:34:00,2026-01-19 12:34:00
95000,row-95000,Missing booking_id,,CUST-0000612,DL-1647-20260421-LAX-SLC,2026-04-21,DL,LAX,SLC,LAX-SLC,2026-03-31 09:13:00,MOBILE_APP,NEW,196.92,USD,confirmed,PAID,false,2026-03-31 09:13:00,2026-04-02 06:13:00
96110,BKG-68771AF7-9410-59D3-ACC7-DC02F6EE6876,Invalid flight_date,BKG-68771af7-9410-59d3-acc7-dc02f6ee6876,CUST-0015865,DL-1647-20260430-LAX-SLC,not-a-date,DL,LAX,SLC,LAX-SLC,2026-03-11 18:00:00,CALL_CENTER,RETURNING,169.54,USD,CONFIRMED,REFUNDED,true,2026-03-11 18:00:00,2026-03-13 09:00:00
96198,BKG-CC02C744-D39E-57C1-8E2C-52CDB501FD19,Invalid flight_date,BKG-cc02c744-d39e-57c1-8e2c-52cdb501fd19,CUST-0012494,DL-1648-20260401-DEN-DTW,not-a-date,DL,DEN-T1,DTW,DEN-T1-DTW,2026-03-10 11:07:00,WEB,BUSINESS,285.13,USD,CONFIRMED,PAID,false,2026-03-10 11:07:00,2026-03-12 00:07:00
96551,BKG-D6688266-B4C7-5D02-B73B-D0954121CF59,Invalid ticket_price,BKG-d6688266-b4c7-5d02-b73b-d0954121cf59,,DL-1648-20260403-DEN-DTW,2026-04-03,DL,DEN,DTW,DEN-DTW,2026-02-19 17:12:00,WEB,BUSINESS,not-a-number,USD,CONFIRMED,PAID,false,2026-02-19 17:12:00,2026-02-21 02:12:00
98193,BKG-3EF83A63-DFE5-5047-8D95-B250E3CBE99A,Invalid ticket_price,BKG-3ef83a63-dfe5-5047-8d95-b250e3cbe99a,CUST-0013952,DL-1648-20260410-DEN-DTW,2026-04-10,DL,DEN,DTW,DEN-DTW,2026-02-09 18:13:00,WEB,LOYALTY,not-a-number,USD,CANCELLED,PAID,false,2026-02-09 18:13:00,2026-02-10 17:13:00
98203,row-98203,Missing booking_id,,CUST-0012307,DL-1648-20260410-DTW-DEN,2026-04-10,DL,DTW,DEN,DTW-DEN,2026-01-24 11:11:00,WEB,BUSINESS,277.75,USD,CONFIRMED,PAID,false,2026-01-24 11:11:00,2026-01-26 17:11:00
98215,BKG-6DCA3DE5-9F0F-5D45-8ACA-CEB18AA314FB,Invalid ticket_price,BKG-6dca3de5-9f0f-5d45-8aca-ceb18aa314fb,CUST-0018659,DL-1648-20260410-DTW-DEN,2026-04-10,DL,DTW,DEN,DTW-DEN,2026-02-17 03:45:00,MOBILE_APP,RETURNING,not-a-number,USD,CONFIRMED,PAID,false,2026-02-17 03:45:00,2026-02-19 09:45:00
98522,row-98522,Missing booking_id,,CUST-0000569,DL-1648-20260411-DTW-DEN,2026-04-11,DL,DTW,DEN,DTW-DEN,2026-04-06 23:42:00,WEB,NEW,248.21,USD,CONFIRMED,PAID,false,2026-04-06 23:42:00,2026-04-08 01:42:00
98576,row-98576,Missing booking_id,,CUST-0006598,DL-1648-20260412-DEN-DTW,2026-04-12,DL,DEN,DTW,DEN-DTW,2026-04-08 02:11:00,WEB,RETURNING,196.07,USD,CONFIRMED,PAID,false,2026-04-08 02:11:00,2026-04-08 19:11:00
98790,BKG-A327AF58-6BF8-5A24-B608-4AC2303FA762,Invalid flight_date,BKG-a327af58-6bf8-5a24-b608-4ac2303fa762,CUST-0012702,DL-1648-20260413-DTW-DEN,not-a-date,DL,DTW,DEN,DTW-DEN,2026-03-28 02:14:00,CALL_CENTER,RETURNING,209.27,USD,CONFIRMED,PAID,false,2026-03-28 02:14:00,2026-03-30 08:14:00
98955,BKG-5732FD02-4B5B-51D9-BA2B-441035A85096,Invalid flight_date,BKG-5732fd02-4b5b-51d9-ba2b-441035a85096,CUST-0006332,DL-1648-20260414-DTW-DEN,not-a-date,DL,DTW,DEN,DTW-DEN,2026-04-10 16:29:00,MOBILE_APP,NEW,200.57,USD,CONFIRMED,FAILED,false,2026-04-10 16:29:00,2026-04-13 00:29:00
99046,BKG-239ACF00-D22C-5472-8483-90844AB51D47,Invalid ticket_price,BKG-239acf00-d22c-5472-8483-90844ab51d47,CUST-0010864,DL-1648-20260415-DTW-DEN,2026-04-15,DL,DTW,DEN,DTW-DEN,2026-01-27 12:38:00,MOBILE_APP,RETURNING,not-a-number,USD,CONFIRMED,FAILED,false,2026-01-27 12:38:00,2026-01-29 00:38:00
99335,row-99335,Missing booking_id,,CUST-0008750,DL-1648-20260420-DTW-DEN,2026-04-20,DL,DTW,DEN,DTW-DEN,2026-03-04 15:49:00,WEB,LOYALTY,270.04,USD,CONFIRMED,PAID,false,2026-03-04 15:49:00,2026-03-04 20:49:00
99485,BKG-CF82E01E-995E-5630-B712-10FD6DFF8AC4,Invalid ticket_price,BKG-cf82e01e-995e-5630-b712-10fd6dff8ac4,CUST-0017601,DL-1648-20260421-DTW-DEN,2026-04-21,DL,DTW,DEN,DTW-DEN,2026-02-21 14:34:00,AGENCY,RETURNING,not-a-number,USD,CONFIRMED,PAID,false,2026-02-21 14:34:00,2026-02-21 22:34:00
99486,BKG-CF82E01E-995E-5630-B712-10FD6DFF8AC4,Invalid ticket_price,BKG-cf82e01e-995e-5630-b712-10fd6dff8ac4,CUST-0017601,DL-1648-20260421-DTW-DEN,2026-04-21,DL,DTW,DEN,DTW-DEN,2026-02-21 14:34:00,AGENCY,RETURNING,not-a-number,USD,Confirmed,PAID,false,2026-02-21 14:34:00,2026-02-23 17:34:00
99525,row-99525,Missing booking_id,,CUST-0011580,DL-1648-20260421-DTW-DEN,2026-04-21,DL,DTW,DEN,DTW-DEN,2026-03-20 15:50:00,web,Returning,231.8,USD,CONFIRMED,PAID,false,2026-03-20 15:50:00,2026-03-21 19:50:00
99869,row-99869,Missing booking_id,,CUST-0011981,DL-1648-20260425-DTW-DEN,2026-04-25,DL,DTW,DEN,DTW-DEN,2026-03-11 15:38:00,WEB,LOYALTY,273.68,USD,CANCELED,REFUNDED,true,2026-03-11 15:38:00,2026-03-11 19:38:00
100264,BKG-BFFAE370-12EE-5CEA-8FDF-A556A7701173,Invalid ticket_price,BKG-bffae370-12ee-5cea-8fdf-a556a7701173,CUST-0008244,DL-1648-20260429-DTW-DEN,2026-04-29,DL,DTW,DEN,DTW-DEN,2026-02-15 06:52:00,WEB,NEW,not-a-number,USD,CONFIRMED,PAID,false,2026-02-15 06:52:00,2026-02-15 18:52:00
100643,BKG-4061F505-2388-5365-8A01-3038CC609E26,Invalid flight_date,BKG-4061f505-2388-5365-8a01-3038cc609e26,CUST-0009741,DL-1649-20260403-BOS-MIA,not-a-date,DL,BOS,MIA,BOS-MIA,2026-01-03 04:35:00,WEB,RETURNING,245.32,USD,CONFIRMED,CHARGEBACK,true,2026-01-03 04:35:00,2026-01-04 21:35:00
100775,BKG-10017DA3-7E05-5B6E-9D1F-27B9072B01AF,Invalid flight_date,BKG-10017da3-7e05-5b6e-9d1f-27b9072b01af,CUST-0000500,DL-1649-20260404-BOS-MIA,not-a-date,DL,BOS,MIA,BOS-MIA,2026-01-20 19:35:00,WEB,BUSINESS,330.92,USD,CONFIRMED,PAID,false,2026-01-20 19:35:00,2026-01-23 04:35:00
100998,row-100998,Missing booking_id,,CUST-0014017,DL-1649-20260406-BOS-MIA,2026-04-06,DL,BOS,MIA,BOS-MIA,2026-02-13 05:47:00,WEB,NEW,278.55,USD,CONFIRMED,PAID,false,2026-02-13 05:47:00,2026-02-15 20:47:00
101224,BKG-73711107-97A9-5BE6-99E5-34D8348CE01D,Invalid ticket_price,BKG-73711107-97a9-5be6-99e5-34d8348ce01d,CUST-0007695,DL-1649-20260409-BOS-MIA,2026-04-09,DL,BOS,MIA,BOS-MIA,2026-01-18 22:31:00,WEB,NEW,not-a-number,USD,CONFIRMED,PAID,false,2026-01-18 22:31:00,2026-01-19 19:31:00
101509,BKG-A195D25F-E810-53B4-B9EA-F2629A131027,Invalid flight_date,BKG-a195d25f-e810-53b4-b9ea-f2629a131027,CUST-0004448,DL-1649-20260411-BOS-MIA,not-a-date,DL,BOS,MIA,BOS-MIA,2026-01-21 23:15:00,MOBILE_APP,returning,239.26,USD, complete ,PAID,false,2026-01-21 23:15:00,2026-01-23 05:15:00
101510,BKG-A195D25F-E810-53B4-B9EA-F2629A131027,Invalid flight_date,BKG-a195d25f-e810-53b4-b9ea-f2629a131027,CUST-0004448,DL-1649-20260411-BOS-MIA,not-a-date,DL,BOS,MIA,BOS-MIA,2026-01-21 23:15:00,MOBILE_APP,returning,241.76,USD, Complete ,PAID,false,2026-01-21 23:15:00,2026-01-24 08:15:00
101967,row-101967,Missing booking_id,,CUST-0009919,DL-1649-20260416-BOS-MIA,2026-04-16,DL,BOS,MIA,BOS-MIA,2026-03-26 09:58:00,Web,BUSINESS,268.1,USD,CONFIRMED,PAID,false,2026-03-26 09:58:00,2026-03-27 13:58:00
102683,row-102683,Missing booking_id,,CUST-0005160,DL-1649-20260425-BOS-MIA,2026-04-25,DL,BOS,MIA,BOS-MIA,2026-02-07 00:34:00,WEB,RETURNING,247.92,USD,CONFIRMED,PAID,false,2026-02-07 00:34:00,2026-02-07 18:34:00
